Date,Cloud_Demand_Index,GDP_Growth,Inflation,Competitor_Price_Index
2020-01-01,67,3.727301838650201,4.200878600524534,120
2020-01-02,77,4.657382372114083,3.6821822305513994,129
2020-01-03,89,2.910710224528352,5.363531613888448,93
2020-01-04,93,2.6926987037504917,3.7983149076244174,115
2020-01-05,88,4.488592563558635,7.5169760885293915,98
2020-01-06,84,5.022146010034563,3.0655951605785035,114
2020-01-07,96,3.852970938517362,4.290569935528852,124
2020-01-08,101,2.44401672312273,4.970925480972137,104
2020-01-09,82,5.648551957397496,5.276924836157606,107
2020-01-10,115,5.248756131504405,6.6494943110654745,121
2020-01-11,91,2.5058990616807644,4.226594477372281,112
2020-01-12,99,4.679034661891844,7.1548565921893035,104
2020-01-13,94,4.68320441811313,6.21554128115248,114
2020-01-14,114,4.256705217226241,4.299618816509553,128
2020-01-15,80,4.3038252871718985,3.9601519949963206,125
2020-01-16,100,3.116915411832001,3.495263565629858,96
2020-01-17,119,5.010331897574875,5.877719477363313,110
2020-01-18,96,5.8302834725682615,3.0390433879607146,98
2020-01-19,64,5.926440451317313,4.057658927656029,123
2020-01-20,113,4.157339982868232,5.164295283697261,94
2020-01-21,106,5.48371752301332,3.9748350532217316,107
2020-01-22,92,3.5758841562303005,7.142530359517941,90
2020-01-23,115,3.0402903682840603,6.3346275414173245,103
2020-01-24,104,2.1498176315241886,6.183969252402843,96
2020-01-25,64,2.1511604273234406,4.16854959779752,110
2020-01-26,89,3.7288900022824008,4.6000947894377395,124
2020-01-27,68,2.9085503677700975,5.436541253767989,111
2020-01-28,60,3.5709215887315318,4.537177822670442,105
2020-01-29,60,5.0702022560915925,5.465202299612409,127
2020-01-30,61,5.000165126943967,7.328053025933332,98
2020-01-31,88,4.166773820686037,6.7127089351112135,117
2020-02-01,107,2.019123439441835,6.790654206835238,110
2020-02-02,94,5.944167710150621,4.352478945392258,124
2020-02-03,70,3.64573552532053,4.948566012995333,106
2020-02-04,71,4.9454966016751,4.748012438054737,100
2020-02-05,115,5.301703271265591,7.444471622695223,115
2020-02-06,113,3.047026892600485,3.2456880349747004,126
2020-02-07,118,3.3589838566233956,3.5627527129690497,113
2020-02-08,87,2.00675393722771,3.0299508954391605,97
2020-02-09,111,3.859675361189039,5.353735318178087,129
2020-02-10,73,2.2035604657016576,7.911764036647351,92
2020-02-11,68,5.022321070994492,3.746144088654757,93
2020-02-12,100,3.328039150456292,4.786877681922931,95
2020-02-13,112,2.4819264247320922,4.461561440943865,98
2020-02-14,87,2.8857780940878763,7.776214145996398,103
2020-02-15,64,3.4085947711872473,6.373959907520144,121
2020-02-16,91,4.396264148269452,6.305427188395398,105
2020-02-17,64,5.411097529906495,6.586297463565471,123
2020-02-18,60,2.5792522581025215,4.983954895571118,111
2020-02-19,102,3.7333313221847,7.403200373073447,92
2020-02-20,86,2.787423525468897,3.440445920638046,117
2020-02-21,66,4.250786647555507,6.928663824752168,104
2020-02-22,82,5.449186032307219,3.8458656818297037,116
2020-02-23,98,5.940346490346682,5.035575959176326,114
2020-02-24,90,4.4774672827836355,7.670859627755572,100
2020-02-25,117,3.9099609148689094,6.670299772909784,103
2020-02-26,103,2.66151246305474,5.07261364882863,113
2020-02-27,93,5.5371353432526105,4.856075031564647,106
2020-02-28,81,3.509376985728556,3.5738218269244006,126
2020-02-29,102,3.6327356227009333,3.7273545194825894,100
2020-03-01,109,3.9336794831530875,3.402780041196251,129
2020-03-02,106,5.3412761324892735,7.888748479057005,109
2020-03-03,69,5.813809471865866,7.631725560652432,110
2020-03-04,90,5.516791749663468,3.5167013208356193,106
2020-03-05,118,3.1740398391542675,3.242605574400188,100
2020-03-06,78,5.413976717121319,6.454912741189981,99
2020-03-07,108,5.663500703666946,6.285767584434975,121
2020-03-08,110,3.238028534392518,4.9782526517491075,122
2020-03-09,95,4.946909130576576,3.262177577276932,122
2020-03-10,75,5.123634928515193,3.3260340677865776,97
2020-03-11,102,5.73662180075679,5.887430942384009,113
2020-03-12,100,2.1317839693212033,7.102631243142018,92
2020-03-13,106,5.11803249126851,6.030295652290384,97
2020-03-14,85,5.151104070511241,4.068677935059465,112
2020-03-15,80,4.507951161953946,7.0165548455429185,101
2020-03-16,88,4.651068956998569,6.263204983242122,128
2020-03-17,102,5.518098430971307,4.57122821079229,120
2020-03-18,106,5.5863908906433535,7.983103757011508,128
2020-03-19,77,5.305539139277279,5.156481184264781,94
2020-03-20,107,3.784641774259516,4.23271285332156,108
2020-03-21,67,3.831290726667328,4.511714614553481,105
2020-03-22,113,2.8745759722639748,6.68579151971164,101
2020-03-23,89,5.835160667913561,3.572904441398075,108
2020-03-24,69,5.427347322854821,3.4664895205996116,121
2020-03-25,111,5.283253925809157,4.48044151432088,98
2020-03-26,95,4.987112218919073,7.668888589408364,114
2020-03-27,64,3.2604716518952777,5.302523122803597,122
2020-03-28,93,5.157308176030705,6.617006023270758,103
2020-03-29,73,4.057846211674349,5.115099169420027,92
2020-03-30,99,4.872264388425912,4.826091075718488,109
2020-03-31,65,3.5937616052590617,7.094391175821171,116
2020-04-01,60,3.005853345846478,3.053853268446478,120
2020-04-02,67,3.8854421208641425,5.665090317113043,106
2020-04-03,92,4.205673029679314,4.01986268358033,106
2020-04-04,72,5.379378141554499,4.362934591829248,92
2020-04-05,100,5.056356299959139,7.2345520918182515,108
2020-04-06,86,3.632592408136288,3.2380511443074744,127
2020-04-07,87,2.125469479859157,4.761017289773813,103
2020-04-08,97,4.5556583901546865,7.582599560405778,104
2020-04-09,84,3.3834610656707538,4.021370589922929,118
2020-04-10,88,4.132958286083179,7.6388964526809096,116
2020-04-11,91,2.9971506691725134,7.823211238263079,121
2020-04-12,71,2.242084519173843,7.3863935062917845,104
2020-04-13,98,3.8306798595317133,5.679614060414859,124
2020-04-14,104,3.246585083276425,4.0381873136102175,98
2020-04-15,74,4.344293855690953,4.89788908681896,94
2020-04-16,77,4.566830694395121,4.396520748269023,97
2020-04-17,117,5.594892188844021,3.2443252507946028,100
2020-04-18,113,5.788379813662559,3.251463601831973,119
2020-04-19,84,4.494595350540374,3.3282158232437937,107
2020-04-20,105,3.390218976023054,7.553043169177752,116
2020-04-21,106,5.216676448311339,7.179233847740277,95
2020-04-22,75,4.242693522213735,3.72761507686178,111
2020-04-23,99,2.000589370076901,5.591591586913892,126
2020-04-24,80,4.817685415915636,3.411826435145173,98
2020-04-25,62,3.5646593261614457,4.575779045945807,118
2020-04-26,97,3.9982110227998433,5.641272282069433,90
2020-04-27,65,5.285544717539366,3.565929604759459,96
2020-04-28,69,2.7531417982282855,5.620618781327001,106
2020-04-29,98,5.772093832774417,4.7598667004245785,127
2020-04-30,60,4.1589851430389935,6.009447326459643,118
2020-05-01,115,5.481328470560128,6.921704755616317,107
2020-05-02,115,5.976070266675497,3.4639550255551765,117
2020-05-03,68,3.655567716683247,6.174355807747126,116
2020-05-04,64,5.359882288599706,5.073325850412431,115
2020-05-05,92,3.3933526421255524,4.96168762422084,109
2020-05-06,119,5.074715838791222,5.187429055730949,100
2020-05-07,98,4.049511091524087,4.041144217697812,99
2020-05-08,117,4.61814317588024,7.450322288235068,112
2020-05-09,104,4.730727801934518,5.461445848650127,124
2020-05-10,74,5.580095162676853,4.175508461962082,115
2020-05-11,68,2.0494549692570674,5.748238322659965,103
2020-05-12,93,3.082289292885229,7.233319725437336,98
2020-05-13,116,2.076336738871,4.760095629352861,114
2020-05-14,64,3.7382781986675395,4.154461479115636,92
2020-05-15,94,4.107039005611653,6.660097829589748,108
2020-05-16,96,2.329461168837062,4.9983027671514595,119
2020-05-17,80,5.704739837784704,4.297539004130604,124
2020-05-18,117,3.896038329718155,5.065229399669442,100
2020-05-19,104,5.081710163566268,5.114556537738208,118
2020-05-20,113,5.12485773285508,4.36759732582431,112
2020-05-21,75,3.7132421862902416,4.6357093727491705,120
2020-05-22,101,2.845446643433787,6.940899177365164,118
2020-05-23,84,2.864076667027527,4.265318116712262,124
2020-05-24,64,2.661781839037124,6.570599642724676,102
2020-05-25,60,5.751252202699549,4.771655066491741,127
2020-05-26,67,5.205987546980615,7.061771519708214,114
2020-05-27,114,4.296924084122594,3.1644856438181987,96
2020-05-28,95,4.917155176472578,4.428220816350197,102
2020-05-29,73,2.57981485080523,7.77976051491502,100
2020-05-30,102,4.66540858757142,6.094764005080021,115
2020-05-31,97,5.892062760494557,3.7345938162989327,115
2020-06-01,71,2.5784597241383125,3.2944344475538303,99
2020-06-02,61,2.7974878040557027,5.993885868983624,99
2020-06-03,109,5.966866037094535,6.769095092809025,95
2020-06-04,61,5.353536510650281,6.7255168745548985,103
2020-06-05,115,3.5325639860240687,4.254295624785637,118
2020-06-06,119,2.4442454776571942,5.325453950481773,92
2020-06-07,119,3.8010673097904664,6.2944798182400055,109
2020-06-08,105,2.3897258312920298,3.026882178506084,128
2020-06-09,110,3.6215441612931487,6.104446066761888,110
2020-06-10,62,5.940413382366959,7.6600937821296355,112
2020-06-11,101,4.741624614480519,4.028925453910026,102
2020-06-12,94,5.242609875675859,6.837336016972585,92
2020-06-13,102,2.3664481502878,6.608938173916087,96
2020-06-14,70,2.7606642845069533,5.7052041289639615,98
2020-06-15,95,5.389520505463141,6.060549120283613,102
2020-06-16,94,4.23496959609477,6.952252482090677,91
2020-06-17,116,2.22891631839556,3.897883641065385,116
2020-06-18,102,3.6534508906792453,6.808288996654072,92
2020-06-19,81,4.818857188236154,4.211065096279366,119
2020-06-20,119,3.840451672070944,4.596592101930188,94
2020-06-21,119,3.9112378722372827,5.735385133076459,94
2020-06-22,73,3.8006227488151687,5.5085693794899795,126
2020-06-23,82,4.421805242702867,6.048989863594585,100
2020-06-24,99,3.6095701336107338,3.3816943212247095,90
2020-06-25,118,2.683922588440686,5.807223578864269,98
2020-06-26,67,5.5214528577201545,5.443235067666272,91
2020-06-27,114,2.7407836358946724,5.6882936140712195,97
2020-06-28,97,5.018299691767887,7.428901108237632,129
2020-06-29,67,4.835100414619152,7.246264199274072,97
2020-06-30,104,3.796140573898265,5.736533600005334,97
2020-07-01,82,5.370439236321397,5.209181283430252,123
2020-07-02,119,2.998335201761249,3.755248088977391,93
2020-07-03,110,4.074035825108266,7.03060039494268,105
2020-07-04,86,4.9517257531575085,5.797047355756108,115
2020-07-05,106,3.689204125502352,6.176701681504449,116
2020-07-06,61,4.597827033557695,7.190524491459795,129
2020-07-07,93,5.365626696998926,3.092258681513024,108
2020-07-08,95,2.5551309294681706,7.500546333368042,109
2020-07-09,67,2.1195998996036582,4.920538510914289,108
2020-07-10,63,2.980129227437987,3.476489395249083,115
2020-07-11,86,3.2281448561899366,3.5784648940758697,111
2020-07-12,112,5.861849705490384,4.692229255647234,103
2020-07-13,81,5.503432483122108,6.665496819362889,126
2020-07-14,67,4.892957126957829,7.259747948783529,124
2020-07-15,109,3.4022344646780844,7.8287227269106205,91
2020-07-16,82,5.582936554057229,6.785853181737086,90
2020-07-17,65,3.7573553196891036,5.40739026929883,113
2020-07-18,77,2.9570789989068347,6.2107264951135654,125
2020-07-19,112,4.4236015125013495,3.359307235924666,102
2020-07-20,97,5.266054286244572,5.998711211947288,98
2020-07-21,117,5.022151464176333,4.46226108004371,124
2020-07-22,95,2.058593831314872,7.3201471826054245,96
2020-07-23,86,2.8420445789261404,7.54821511912037,108
2020-07-24,92,2.506696642638741,7.507788144543946,105
2020-07-25,99,5.465802025863085,7.383442582280129,99
2020-07-26,67,4.335052380888799,5.543866624935233,117
2020-07-27,105,5.180839125761788,5.589212411509772,104
2020-07-28,86,3.977901241653268,3.666527585278951,125
2020-07-29,82,3.4310293478024745,3.107783464396162,94
2020-07-30,72,4.636755986140489,7.43869093013416,116
2020-07-31,100,5.554982693483099,4.269006165037043,101
2020-08-01,78,2.206050721021256,3.5612654642866217,110
2020-08-02,96,4.486813894692704,4.290267694558839,105
2020-08-03,105,4.5972432361146875,4.479115571023921,115
2020-08-04,71,4.8455494059802895,3.806471460074448,120
2020-08-05,108,5.190295978792578,4.7203380566496875,112
2020-08-06,109,5.795786919278153,7.040770768428085,92
2020-08-07,66,2.1366960407684257,5.1123271284368705,100
2020-08-08,87,3.2639585464820677,7.704547612322186,100
2020-08-09,78,5.205450701355231,5.638850543450554,108
2020-08-10,82,4.7685016237563485,3.1910344544800138,126
2020-08-11,90,4.024105273517258,7.281300262157833,107
2020-08-12,66,4.674224066499404,5.769263896822682,127
2020-08-13,118,3.0664465503195513,5.819215960561541,95
2020-08-14,99,2.250130449145765,6.512609576338051,124
2020-08-15,63,5.3476058987844635,4.948432507324334,109
2020-08-16,115,3.930630269203168,7.14520438698217,128
2020-08-17,63,3.1789566601237147,4.087467714660178,112
2020-08-18,103,5.363858090353149,5.5671592666807745,101
2020-08-19,81,2.289477206628671,7.49008262332211,115
2020-08-20,115,2.4258210491081074,4.3917657815435565,127
2020-08-21,79,2.1092951469207413,6.675592575376773,105
2020-08-22,66,4.936807637141595,5.784555004757535,104
2020-08-23,71,5.9279412220232865,7.19146286633929,90
2020-08-24,119,5.802475816146203,4.845487183893489,114
2020-08-25,86,3.9753058272920883,7.070048835688272,123
2020-08-26,105,3.2367737395312433,5.457350963848651,126
2020-08-27,63,3.563175714736363,5.476150330490085,96
2020-08-28,109,2.347520012446623,5.394898707439452,112
2020-08-29,114,2.640551876207481,5.372730874489545,111
2020-08-30,90,4.32507607917924,3.2680594852441427,113
2020-08-31,75,3.4985789625253485,3.6802133051421455,120
2020-09-01,91,3.1304546889989404,5.318936099846667,90
2020-09-02,100,2.9801795087291225,4.014142129352859,113
2020-09-03,103,5.19327270119957,7.536983620662951,98
2020-09-04,89,3.5779204560871802,4.584983047712907,98
2020-09-05,71,5.209995299783806,4.558474484349238,118
2020-09-06,92,4.475299860165481,7.920599446349094,105
2020-09-07,79,5.396794914135309,3.0391684625469866,99
2020-09-08,107,3.726253902875935,3.157409218677522,109
2020-09-09,104,5.403935238854554,5.446576143735243,115
2020-09-10,69,2.839103312055095,7.085465644141336,129
2020-09-11,82,4.298421427816232,5.664768025413117,107
2020-09-12,105,5.447651296444182,5.972066363111704,121
2020-09-13,109,3.769526568934632,7.0913499580548365,125
2020-09-14,64,2.191766461706927,4.766979838977362,103
2020-09-15,109,3.8774412837420558,7.561234488931369,125
2020-09-16,92,5.503481716686361,4.777126726028252,92
2020-09-17,104,5.331729792239754,3.0033725319320412,109
2020-09-18,104,3.608126252435578,5.121573544405284,115
2020-09-19,99,3.8037035041768945,5.472179703038075,96
2020-09-20,100,3.283187566338323,7.763601846421027,125
2020-09-21,98,5.8614369985647565,5.410268053860912,90
2020-09-22,86,5.8623069483287455,5.689336678200404,97
2020-09-23,88,5.972002844156681,7.038571251507014,121
2020-09-24,63,4.786693137617914,4.2876296711878545,113
2020-09-25,82,5.877667737601209,5.965360276431991,93
2020-09-26,78,5.0331712935685875,5.702174655498367,104
2020-09-27,97,4.039850137689632,4.472457410605964,100
2020-09-28,117,2.792272954977565,5.349059359986858,94
2020-09-29,70,5.980818345780014,5.971749788846246,110
2020-09-30,69,4.876481281737428,6.185978586811156,112
2020-10-01,109,3.1434146023491762,6.182659972839739,97
2020-10-02,73,3.5656402911649336,4.137614241928605,126
2020-10-03,101,3.8499085866539113,7.840787577200032,124
2020-10-04,84,3.498333230397595,7.157069541235403,125
2020-10-05,73,2.461270931405273,5.894888676408334,103
2020-10-06,90,2.1228773913934553,5.5173752476604605,110
2020-10-07,107,5.587558807098819,5.654185191642899,107
2020-10-08,79,2.9050975601483398,7.8004119425931595,100
2020-10-09,116,2.2145959053792574,4.667215793013455,90
2020-10-10,94,2.855127436631944,6.764715783591873,90
2020-10-11,93,4.190859667788166,4.770330971779169,112
2020-10-12,75,2.130697063800038,5.553185238346815,117
2020-10-13,98,2.294746923495436,7.134409051788696,114
2020-10-14,73,4.116318715260172,3.7664004901196497,118
2020-10-15,75,4.404373333281585,5.680182748118096,121
2020-10-16,95,5.048230439268239,3.323945610864374,121
2020-10-17,99,2.9964877717042877,4.69702109675173,100
2020-10-18,77,4.56830105218654,4.530273248067694,108
2020-10-19,111,3.6101736016283965,4.033392352569633,96
2020-10-20,114,5.651880449589926,5.653917649204379,103
2020-10-21,80,3.123866504573732,3.7674372476221185,119
2020-10-22,87,2.2326040905044215,5.896539086585868,96
2020-10-23,107,5.11375325981645,4.248749307460542,91
2020-10-24,112,5.583466820351525,3.1813444546408434,122
2020-10-25,90,4.0935490957122544,7.521297531415016,98
2020-10-26,61,2.3973086464222764,5.52396937996339,106
2020-10-27,114,4.881975648627023,7.4921815939581755,101
2020-10-28,79,3.6056416180011426,4.1252265418551355,123
2020-10-29,103,4.671891534307919,3.423132586290821,113
2020-10-30,60,4.701234348533754,3.7120267414596477,105
2020-10-31,66,5.1994806206172655,3.133994580045949,97
2020-11-01,81,3.3254464962287154,6.091536155224522,126
2020-11-02,111,3.112348278066277,5.0499110802448275,122
2020-11-03,109,5.692396727667897,3.808622375661929,119
2020-11-04,60,3.548511331794055,6.055605393198397,118
2020-11-05,118,5.506574463588832,3.3711374803714076,123
2020-11-06,119,4.830710806907196,7.4308754230563165,114
2020-11-07,98,3.447410045571105,6.616842117394439,121
2020-11-08,103,3.1258243985310328,7.976252826275608,119
2020-11-09,80,2.973192291506903,6.885651074272968,112
2020-11-10,116,5.828135914088408,5.901469064852392,90
2020-11-11,64,2.1375774351509946,7.7395870666884,102
2020-11-12,96,5.3369165792850595,3.5441327404892777,91
2020-11-13,99,4.534521206352633,6.378935757858601,92
2020-11-14,94,3.034592584522822,4.499467220329452,126
2020-11-15,101,4.010652800354921,7.290852328690604,117
2020-11-16,100,3.3129639356044063,4.910749302856167,95
2020-11-17,67,5.779952403143346,7.587980581752937,122
2020-11-18,70,4.72736640118137,4.657071478039374,95
2020-11-19,78,2.409875629301984,7.691134311788759,117
2020-11-20,61,4.594526589094164,7.5548534617067595,98
2020-11-21,71,4.3896116152885405,6.471673852875644,97
2020-11-22,91,3.522868716025258,4.074796520702664,120
2020-11-23,85,2.970291898428343,4.245914691665736,107
2020-11-24,80,2.7842704169986217,6.657298263703989,121
2020-11-25,69,4.161581151031678,4.430485124810752,102
2020-11-26,82,5.270341496958552,5.872613160258213,120
2020-11-27,92,3.3550580601007685,4.669515793014262,115
2020-11-28,91,5.118743872659158,4.661702102766322,93
2020-11-29,87,3.508827487869697,4.706459592460441,103
2020-11-30,64,2.8776099695356803,7.164156707618373,92
2020-12-01,85,4.542034800605194,6.5666220686301395,102
2020-12-02,87,3.446866171629654,5.348483679718664,108
2020-12-03,89,5.147418144804158,5.5025724972775265,120
2020-12-04,84,2.487795432533506,6.521728473864318,126
2020-12-05,112,2.581565052862914,6.053769826062011,128
2020-12-06,89,4.499890552237228,3.597280746344631,129
2020-12-07,75,5.89883861848111,6.764184071482227,96
2020-12-08,91,4.4851961936679725,7.020593433891602,100
2020-12-09,65,3.058279477744875,5.22537444385789,108
2020-12-10,115,4.843160675745079,3.234151203578909,104
2020-12-11,98,4.855904460193401,5.483341914323569,103
2020-12-12,87,3.0602180182312395,3.6643202348234736,95
2020-12-13,113,3.0338856341887737,3.129003000860019,120
2020-12-14,89,2.49891934042087,7.315746605322904,96
2020-12-15,82,2.846145558927666,4.927063446180325,106
2020-12-16,62,3.9979021675479802,7.633051747229348,103
2020-12-17,81,3.396192564441617,4.424670408010449,127
2020-12-18,102,2.787231713440331,6.373877538081563,111
2020-12-19,62,3.6390003816424152,5.147791070568861,116
2020-12-20,92,4.324578604634129,4.682925014064576,96
2020-12-21,61,4.891832180190249,6.629331619314904,100
2020-12-22,60,4.55866114589551,4.705089992942059,121
2020-12-23,76,2.297005731913402,6.403042397192298,97
2020-12-24,83,4.045099847918987,6.6983856302690885,91
2020-12-25,106,3.286185849557926,5.35389829981905,96
2020-12-26,70,4.6753292113763045,6.132804578231033,122
2020-12-27,74,2.591296457858652,5.076510803446395,112
2020-12-28,62,5.242562597446431,3.0230696718595063,91
2020-12-29,65,4.130949398015879,3.3567364727340228,92
2020-12-30,113,3.9573132634343477,4.3498363845352195,121
2020-12-31,69,4.91721719566118,3.955447025457805,101
2021-01-01,92,3.35592093294127,6.182666033371282,100
2021-01-02,62,4.837435263192061,4.925711197384555,123
2021-01-03,74,4.183174550474856,7.349331365591728,92
2021-01-04,86,4.057955221805624,6.863999131435323,96
2021-01-05,62,4.6868489795156965,6.306683815555409,96
2021-01-06,108,4.767956387053411,5.856130216979305,126
2021-01-07,104,2.172997398680535,6.784218187846891,103
2021-01-08,66,2.74814986685264,7.4256917496682915,98
2021-01-09,71,4.069362750561288,5.376090868044592,91
2021-01-10,84,2.119215670206506,5.051337039278507,114
2021-01-11,62,2.349713733721046,6.280763843441994,113
2021-01-12,108,5.787811145583715,5.205080657695611,121
2021-01-13,87,4.6324842449734795,4.642904049426921,104
2021-01-14,64,3.1956885223210443,4.625060232013796,99
2021-01-15,75,5.01451321997919,7.960895889477276,105
2021-01-16,112,3.0535778880157274,6.416047824844525,92
2021-01-17,98,5.26299635484075,3.4622693269173217,119
2021-01-18,62,2.7301187009184873,6.440318314114556,107
2021-01-19,101,5.110345927132351,3.85601756785838,126
2021-01-20,84,2.7297405618276835,3.1013568619641254,90
2021-01-21,103,3.099126224761219,7.486984197048588,116
2021-01-22,81,4.470630590854184,5.728729972678261,105
2021-01-23,111,4.857538475081909,6.115840727973428,112
2021-01-24,94,4.129341111614509,4.220501546930178,127
2021-01-25,80,4.677172802680935,5.994253328490462,100
2021-01-26,61,3.414947797248302,7.279477105445275,110
2021-01-27,63,4.028791675521943,4.406597398494476,115
2021-01-28,105,3.894696473947656,5.915531182157007,129
2021-01-29,70,2.0176954006213648,6.9017172799374,91
2021-01-30,95,4.616386090764666,7.055788182873852,101
2021-01-31,112,2.3002483619390452,3.1097871842538227,111
2021-02-01,104,3.9078819989615066,7.844279796861795,116
2021-02-02,99,3.963777906046026,7.474451532852226,92
2021-02-03,74,5.591871872930172,4.651496504252284,90
2021-02-04,72,5.719297527295524,4.738614383446178,104
2021-02-05,80,5.442207847740544,5.836994117714108,94
2021-02-06,68,2.7977631903837654,3.2932039360377607,113
2021-02-07,69,4.986757652714543,7.407376110895458,102
2021-02-08,111,4.930495172751472,4.942597483682315,103
2021-02-09,102,2.421123930535368,5.188945068375734,118
2021-02-10,108,2.1827075465012284,4.342656516559167,116
2021-02-11,104,2.387081471129597,3.2847487405427653,121
2021-02-12,102,2.124552067547889,6.8230383144798274,117
2021-02-13,78,2.2418703400186764,4.971701790513526,103
2021-02-14,65,3.172574798185275,6.717545088752479,104
2021-02-15,97,4.332728313351587,4.116913423583057,95
2021-02-16,77,5.782888029881963,4.048625629388936,94
2021-02-17,95,3.5856805121952773,4.702068880282024,105
2021-02-18,88,4.319278500711812,7.216048148428463,109
2021-02-19,65,3.6673241809754704,5.638219765455485,117
2021-02-20,97,5.592357223204081,6.964887689392102,101
2021-02-21,109,2.8061470711148853,4.886295336808374,111
2021-02-22,92,5.7865600479949055,5.977799418769114,116
2021-02-23,112,4.545468692054874,6.521321146834601,113
2021-02-24,84,4.761977010306984,7.857313990459653,108
2021-02-25,111,5.530709611081045,5.6297598811890825,120
2021-02-26,67,4.029515471054673,4.878412307002121,101
2021-02-27,108,5.021323983070383,6.1393740154045835,101
2021-02-28,73,5.293722392243502,6.439755795075597,129
2021-03-01,96,2.9244640390430563,5.95896407942683,96
2021-03-02,61,2.0980574110904007,4.1267649872728445,127
2021-03-03,108,2.874954521189063,7.749019898234256,118
2021-03-04,99,5.680744180273187,4.299362216455798,129
2021-03-05,111,5.877016225614265,6.804335098630716,101
2021-03-06,76,3.6824489154558915,4.2033429472982204,96
2021-03-07,63,2.998495123357111,3.14110458821761,100
2021-03-08,92,4.477729048907452,5.043847129122387,121
2021-03-09,105,4.0846132438375555,7.414022499339675,90
2021-03-10,76,4.554217779551777,5.447277186279193,111
2021-03-11,110,2.007946906732965,6.429295048608503,91
2021-03-12,100,2.698195172079243,4.392677324377241,103
2021-03-13,115,4.862437765120514,7.809769951086226,94
2021-03-14,104,4.9545517162040404,3.927004321539809,118
2021-03-15,91,5.337835489675851,7.357146901501347,112
2021-03-16,69,4.216821566759969,4.144422405840944,101
2021-03-17,69,5.997614441202327,4.39315837154293,99
2021-03-18,86,3.7902553260352763,5.983175514569195,100
2021-03-19,72,2.1147865095677822,7.625739349683145,90
2021-03-20,92,3.2624199200492927,6.084914219058266,95
2021-03-21,105,5.28622702093681,4.638296845059289,107
2021-03-22,116,4.34853589939507,7.3730971454851435,100
2021-03-23,80,2.799579569143198,3.3169983209860145,124
2021-03-24,118,5.674372040531157,4.571509837295918,118
2021-03-25,115,5.01033431345723,7.1937713642330126,90
2021-03-26,118,4.799052552855151,3.977220869890182,102
2021-03-27,115,4.908392693048745,7.324726389890513,91
2021-03-28,117,3.8139698002004283,6.5163171111996565,111
2021-03-29,70,5.111910368601642,4.96159573301265,115
2021-03-30,93,3.386380827578264,6.32199901306784,94
2021-03-31,106,4.166151518615622,7.310241154364317,104
2021-04-01,66,4.959092364609244,3.60893968015253,120
2021-04-02,117,5.776207406841213,3.5693453227915506,122
2021-04-03,92,5.230605197326747,6.818339547328538,102
2021-04-04,66,4.484815764691952,4.034972063131505,104
2021-04-05,61,3.0364460845161565,4.246841412745434,100
2021-04-06,101,3.3742996884442644,3.4246609720398213,117
2021-04-07,70,2.7376856354281363,7.847046697953422,122
2021-04-08,109,4.54431633027297,4.933610090141634,115
2021-04-09,100,5.461450941526923,6.904541607084543,115
2021-04-10,103,2.650508568328558,6.684098770280784,115
2021-04-11,73,3.0712930541216608,3.7308161717052295,96
2021-04-12,68,2.0469446130355915,7.686037316459514,114
2021-04-13,100,5.111458667577077,5.903958980169554,93
2021-04-14,88,5.400206474597594,3.788997487176723,90
2021-04-15,69,2.96501293052396,4.477330449581374,117
2021-04-16,118,3.032833055712114,7.279295339582169,117
2021-04-17,60,3.318292041216285,7.665681168487372,118
2021-04-18,79,5.791054970155308,3.9679138408046546,92
2021-04-19,75,4.631400658701266,3.8945163835859766,112
2021-04-20,88,3.0193005620896325,4.2197777429365395,123
2021-04-21,115,5.526780027447035,7.78669817172072,128
2021-04-22,110,3.058341662145104,3.467021554563591,110
2021-04-23,87,2.5519401419418473,5.364342462896835,117
2021-04-24,119,2.6412193244191293,3.3629377649968077,118
2021-04-25,71,2.130655994859524,7.108963996233376,125
2021-04-26,74,5.521790957136631,4.465112325226446,105
2021-04-27,92,4.5617319055880134,5.3961021228714365,96
2021-04-28,117,5.225299229205619,7.863894896024413,121
2021-04-29,101,2.7378472715688464,4.316360025987201,105
2021-04-30,113,3.752644927968209,5.930435575314624,114
2021-05-01,65,5.96245806616815,3.5940649799095663,110
2021-05-02,103,5.952787337644084,3.97369195473434,111
2021-05-03,95,3.0570376969473188,4.558533208001857,120
2021-05-04,80,5.930714551951652,3.9796863353244856,107
2021-05-05,81,3.3855522306499215,3.485910795230855,125
2021-05-06,96,3.0081928883912115,3.578795480335528,121
2021-05-07,106,4.33655021381125,5.034708748620709,117
2021-05-08,117,5.795740093288217,6.346123100752666,114
2021-05-09,95,4.875132078416691,6.6779346403801325,96
2021-05-10,88,5.577297836103304,5.446690343070507,118
2021-05-11,84,2.485380518585006,5.068942297489896,118
2021-05-12,65,2.188578530647912,4.08949464989708,113
2021-05-13,114,5.575369164111135,7.209786622518304,93
2021-05-14,118,5.947036816551371,4.076935171381141,109
2021-05-15,101,4.166620026869265,3.5906339677401657,106
2021-05-16,64,4.406476517358939,4.601652325966426,128
2021-05-17,86,2.4729363024363473,7.110043117126347,98
2021-05-18,79,3.799297862629868,5.280345977100075,123
2021-05-19,112,3.098583585642515,4.914540882059223,91
2021-05-20,103,4.801950152238854,5.953443698470364,99
2021-05-21,61,2.807047083117397,5.878678191757712,120
2021-05-22,87,5.0377623057341125,6.719952105116004,100
2021-05-23,89,2.9208961511716476,4.629285475112249,123
2021-05-24,119,2.279572659773123,3.987383253823693,97
2021-05-25,95,3.9210787948615216,4.466318530880191,127
2021-05-26,110,5.803395535778209,6.299530665358727,125
2021-05-27,106,4.302010422294375,4.153917143439802,125
2021-05-28,83,3.1938228159852526,3.134958299912919,105
2021-05-29,95,3.417633794527977,7.8367432197788665,96
2021-05-30,82,2.5230978210333674,4.113510564360087,113
2021-05-31,89,5.945683473681909,7.342468280109493,129
2021-06-01,80,3.253675123384284,4.911306971765353,124
2021-06-02,76,4.306918663737944,4.24431526611219,129
2021-06-03,94,3.2772340183465887,5.093121532093748,126
2021-06-04,99,3.093186895481787,3.8413402677876283,103
2021-06-05,84,4.744286224272079,4.26005987285272,123
2021-06-06,67,5.433678222209837,3.36986625524648,122
2021-06-07,65,2.149140965912383,4.45623139617687,112
2021-06-08,65,5.688733044602083,4.233433240728728,107
2021-06-09,72,5.96717197571772,3.9900126783926626,98
2021-06-10,73,4.401387684894597,3.148931390960325,99
2021-06-11,68,3.683606042411567,3.482450732224722,91
2021-06-12,84,2.9353932642912515,4.046673709683395,128
2021-06-13,82,2.490671450691936,3.193683432669535,106
2021-06-14,118,3.325889823717057,4.2279161544312895,109
2021-06-15,115,3.492102378819629,4.637404197360835,125
2021-06-16,85,2.6677752497031664,6.506014111712512,98
2021-06-17,61,5.037154815582008,5.167830322252087,128
2021-06-18,116,4.779475428554846,3.095791692334401,124
2021-06-19,69,3.0697040741200756,3.7313954718266116,112
2021-06-20,94,5.925101798913611,5.783049819772607,120
2021-06-21,81,2.0083494341316412,4.000211845980287,114
2021-06-22,71,3.653952733956332,5.284656986953961,113
2021-06-23,106,2.891502183465166,4.510631159978226,124
2021-06-24,105,3.1517966941413724,7.038239128478646,102
2021-06-25,118,5.630806113718859,3.328678868749406,105
2021-06-26,99,2.8316885480820218,5.720927414388203,97
2021-06-27,111,5.479537217427517,6.131155968945098,129
2021-06-28,72,4.576835225573101,6.917979682673227,104
2021-06-29,118,3.009191353262266,3.4138290432946827,112
2021-06-30,101,2.091359972678856,4.997734361669112,99
2021-07-01,111,2.6824545109461866,5.051613085456935,94
2021-07-02,109,3.5498304390977826,3.440809797985694,97
2021-07-03,84,3.0934630769236,5.806885414203714,109
2021-07-04,103,5.595479906864631,5.079306136340707,94
2021-07-05,83,2.0097663321927355,7.618015189831907,115
2021-07-06,60,2.999167580845234,7.710089740446129,107
2021-07-07,70,4.447377345715438,3.231470191244311,100
2021-07-08,82,3.648789794383594,7.403929930262664,128
2021-07-09,115,3.996730635833042,7.5767046261234805,101
2021-07-10,108,2.1249704256159143,4.798162978692499,107
2021-07-11,108,4.622228251871202,3.7568305348501303,109
2021-07-12,115,3.3869303342912698,3.578451594413397,123
2021-07-13,117,3.8998367456409806,4.1279161327966625,107
2021-07-14,103,3.727824842180587,6.346676390076187,99
2021-07-15,102,2.8744054012750357,7.135086345805964,107
2021-07-16,95,3.2472994991504494,3.9304915840432466,109
2021-07-17,70,4.571838366350793,3.228088778548793,98
2021-07-18,83,2.392315719018743,7.812523924015598,119
2021-07-19,63,3.6089062560758816,4.330596887855908,127
2021-07-20,63,4.726682731429108,6.095689344145607,97
2021-07-21,81,2.3813524342903376,4.13325865667051,96
2021-07-22,86,3.054197005550241,5.148963814831391,105
2021-07-23,81,4.444431469828542,4.3134443671370475,111
2021-07-24,66,4.276715282243474,7.7662370312130715,97
2021-07-25,101,5.590047308898638,7.811430205476568,110
2021-07-26,90,3.313002433071382,5.961894501236163,123
2021-07-27,83,4.0552914346251345,5.180183820196166,123
2021-07-28,116,3.7116328875667186,3.1672221528411977,112
2021-07-29,75,5.053726459941915,5.652597238503644,122
2021-07-30,96,3.2669376912387174,4.4182787171702955,120
2021-07-31,70,3.294883138939992,5.435020508365351,110
2021-08-01,111,5.767351428760437,5.598607263981251,93
2021-08-02,76,4.287116647193556,6.265458763586608,105
2021-08-03,91,3.388577305590093,4.4141108805021805,128
2021-08-04,89,5.115218747919171,7.754548596538816,99
2021-08-05,105,5.120625255509413,4.03132402653569,94
2021-08-06,74,4.311328962207091,7.308687383394504,91
2021-08-07,107,4.223492139775336,7.662459728172955,117
2021-08-08,60,5.246594156610893,7.752199262343663,96
2021-08-09,90,2.842716121934341,7.233387855648379,124
2021-08-10,90,4.939294348274125,7.622830942749513,127
2021-08-11,66,5.740992077079503,6.333001275793395,98
2021-08-12,65,4.908928020054465,4.027458537560088,110
2021-08-13,100,5.545968997958736,6.119294202950822,97
2021-08-14,68,5.380365090778126,4.270151698073279,98
2021-08-15,109,4.622595976389253,6.4858929484020855,93
2021-08-16,68,3.787045803315021,6.70946686776043,100
2021-08-17,111,3.667263657544499,4.805010698824491,91
2021-08-18,112,5.482957927842124,4.337814336069918,107
2021-08-19,94,2.3645078048827215,5.606801696805071,104
2021-08-20,77,5.954797637310756,5.953165025493683,100
2021-08-21,117,5.803088291913694,6.522144428585602,124
2021-08-22,89,3.9314167581056574,3.4047229380801323,111
2021-08-23,80,4.315884336275053,7.27766220856001,125
2021-08-24,76,4.541822689569168,6.198187267691734,119
2021-08-25,119,2.2275021125962136,3.284500381953456,100
2021-08-26,100,3.588320791779275,5.741689130598956,106
2021-08-27,64,5.121884804496851,3.4643920310915837,99
2021-08-28,84,5.6160622301067855,4.959827778680087,119
2021-08-29,96,5.120711470819172,4.582099653977604,119
2021-08-30,89,4.17381353403176,5.73869314505178,121
2021-08-31,67,3.117983744591341,7.572245653660423,107
2021-09-01,66,2.1623016239968793,4.307329615494349,110
2021-09-02,77,4.305155706296269,6.226994513359442,94
2021-09-03,73,5.823957681567265,4.277151560327415,108
2021-09-04,71,2.007620767833159,5.11843455503637,91
2021-09-05,83,2.166939893867928,3.0036606976453806,96
2021-09-06,109,4.015591961814575,6.3680946708857435,102
2021-09-07,101,5.665590627771971,6.629744233330296,95
2021-09-08,68,2.510779238996734,4.309548257204828,125
2021-09-09,90,4.909229112502812,6.685199516421209,122
2021-09-10,90,2.2131445301978396,6.272465259091076,122
2021-09-11,74,5.534277458123803,6.832951579328277,104
2021-09-12,67,2.7480886123356325,7.270769253470442,102
2021-09-13,102,3.4320958479577346,7.1402682714157955,106
2021-09-14,106,2.8077405141870493,4.505784107159493,107
2021-09-15,114,2.1900487232724144,4.160759692435251,115
2021-09-16,115,4.988899847598365,6.945123602457354,96
2021-09-17,87,4.981442727992723,7.950936575706281,121
2021-09-18,103,4.238527105369384,5.157378493044799,116
2021-09-19,115,3.827283144396805,6.997756274170845,90
2021-09-20,104,3.815991672561556,6.714572498125356,91
2021-09-21,74,4.084050113719475,6.197138425280054,93
2021-09-22,74,3.740596713827796,3.6123696140748036,127
2021-09-23,117,3.9367214087723896,4.801433072410862,103
2021-09-24,87,5.265535571448055,7.508784666488125,120
2021-09-25,70,3.011716196624691,7.7300839690617495,103
2021-09-26,113,2.86739133305787,6.354579572331395,129
2021-09-27,98,3.792805491845471,5.1628049187819345,102
2021-09-28,91,3.4834924168084602,5.70744111066009,110
2021-09-29,81,4.827944258266411,7.570063948716737,119
2021-09-30,117,3.749831677916843,4.243707560733908,124
2021-10-01,86,5.182618525981598,4.716291224047218,96
2021-10-02,116,4.231384441239707,7.708906904475361,125
2021-10-03,107,2.7003008087754132,7.143664395436878,114
2021-10-04,104,2.278798473910786,5.4226755156066195,126
2021-10-05,67,4.24833292836013,6.167424569928665,97
2021-10-06,117,3.797271930550132,7.778757415398448,108
2021-10-07,72,2.6797709099960616,5.301047617773916,95
2021-10-08,110,4.052999085093397,7.773379980291421,128
2021-10-09,74,4.617442319718885,3.7451853202446674,100
2021-10-10,90,3.5651453258995476,7.988173712585385,104
2021-10-11,63,3.6736390491818556,4.02827297365119,116
2021-10-12,107,2.8932051867105284,6.499720955882965,92
2021-10-13,92,3.3399902747885446,3.7905299385760314,94
2021-10-14,108,5.466444931475581,7.292067540300474,102
2021-10-15,79,2.9258482277983635,5.494497497707731,93
2021-10-16,95,4.615519541108198,6.633272380515482,125
2021-10-17,83,2.2713669249694033,3.8904952779230664,119
2021-10-18,84,2.8748437537837797,7.236285498654916,114
2021-10-19,82,4.072500245981483,6.752528450195822,100
2021-10-20,80,4.219287505232223,3.5914125977992017,114
2021-10-21,117,5.732029829010845,5.771436632356625,110
2021-10-22,112,3.891820615768328,4.9782415385582555,112
2021-10-23,77,4.625314280257255,6.169785545233187,96
2021-10-24,88,3.593432999462818,6.092558228067054,116
2021-10-25,74,4.080424863684572,5.235160785181375,129
2021-10-26,118,5.243388071632496,3.6162320310374545,125
2021-10-27,96,4.57469857371389,6.677223174823153,122
2021-10-28,75,5.817954461018552,7.554926004936151,103
2021-10-29,87,3.0810725805758983,3.9585425437825554,97
2021-10-30,61,2.7376170705080702,5.3397560966582835,116
2021-10-31,60,4.541724076776873,5.343414050389824,127
2021-11-01,103,4.6927194288211975,7.500507622835666,114
2021-11-02,83,3.2818230845560477,5.583797726287537,105
2021-11-03,112,2.659573483154989,3.042291080765472,97
2021-11-04,107,3.2662802688552053,6.851877961411737,124
2021-11-05,70,4.860040656664575,4.176887322096654,122
2021-11-06,60,3.2204330135725874,3.6611817506443214,92
2021-11-07,98,4.787626428966319,3.273628333018004,104
2021-11-08,60,4.345987496388361,6.005954691023077,94
2021-11-09,96,3.0457578584852847,7.147558984159146,99
2021-11-10,83,4.578514131606665,6.9897748671962665,127
2021-11-11,67,2.1146339653282236,3.414726674312643,105
2021-11-12,86,5.1977920533121456,3.917404884095016,129
2021-11-13,86,5.879852916677301,3.781781187505512,112
2021-11-14,107,4.455139680911859,6.134326121153263,122
2021-11-15,93,4.714438519797717,5.112076329318317,128
2021-11-16,63,3.3905948219056494,5.926838582441617,97
2021-11-17,88,5.572843063154483,5.391242737258018,95
2021-11-18,104,4.190910367921729,4.024825593610543,106
2021-11-19,60,5.143655503786105,4.409067058471663,128
2021-11-20,63,2.0466281987721895,4.422529195416411,118
2021-11-21,112,4.07890145929646,7.563746501568994,128
2021-11-22,60,5.279498824563733,3.3903649838711845,109
2021-11-23,93,2.362504336738679,5.492662876006479,108
2021-11-24,64,4.095381451958541,6.2985574276800325,117
2021-11-25,118,4.652204647012738,5.773157636974389,108
2021-11-26,105,3.437883201959838,3.605091226398531,91
2021-11-27,68,5.59173704963438,6.0632115736569965,99
2021-11-28,90,2.4645865687031745,5.912456151130938,94
2021-11-29,69,5.932688433530112,4.370892655198599,90
2021-11-30,95,4.63009288812496,3.8116885697466225,101
2021-12-01,99,2.829443334320965,6.50204438657435,122
2021-12-02,91,4.7530195848381975,7.854718191972719,127
2021-12-03,101,5.115350660674688,7.092229265292242,124
2021-12-04,93,3.778918977773454,6.73887512042184,110
2021-12-05,112,5.396969366719519,6.409125164137706,119
2021-12-06,67,4.739101362575397,3.2864303617361292,98
2021-12-07,69,4.139350521000379,3.9243613337809036,122
2021-12-08,90,5.454600777084218,3.2655728854886408,98
2021-12-09,68,3.692878389643299,4.127713350326174,99
2021-12-10,118,3.5017311587126883,6.613929607077102,98
2021-12-11,86,3.9770696586878436,3.1514524786155764,108
2021-12-12,90,4.2107089130087445,6.436341017339741,105
2021-12-13,87,3.7904207847847413,3.704664927613842,90
2021-12-14,96,3.7600957376094017,3.6082614091215923,118
2021-12-15,114,3.3935137382461495,3.384758975270631,117
2021-12-16,96,4.178348480166785,7.860557101491421,128
2021-12-17,70,5.918711066878549,7.229298099100743,107
2021-12-18,112,5.852931041708725,4.649392626928247,118
2021-12-19,116,3.817393063788658,6.844089730576005,100
2021-12-20,102,5.347112240634621,6.376313858782181,107
2021-12-21,79,4.304499166836386,3.373785419566623,121
2021-12-22,81,5.728234809606764,7.785173864257967,122
2021-12-23,115,2.0017575615974086,4.700361261477349,110
2021-12-24,93,2.792171823799162,3.082512489572454,93
2021-12-25,111,2.786164982394116,4.881129544665762,117
2021-12-26,110,3.6211405529044947,3.095916682082562,99
2021-12-27,117,4.459321823871309,7.110987999723793,102
2021-12-28,76,4.146901687901895,4.711318109595819,99
2021-12-29,116,2.7221309405707603,6.925221168079885,119
2021-12-30,117,5.189787753132956,3.707797314523824,93
2021-12-31,89,5.977711472196022,5.481082258275546,116
2022-01-01,97,4.067889324505419,5.769162880334715,96
2022-01-02,74,4.148600217714505,4.155378964327015,95
2022-01-03,63,3.3571303168106454,4.243416155233243,92
2022-01-04,118,2.6045822625151223,4.28021653407196,126
2022-01-05,76,5.36887698664154,6.0786315807929405,97
2022-01-06,65,4.812163846797027,7.02124775739215,125
2022-01-07,109,3.2925142690744518,6.606319824263485,113
2022-01-08,69,2.658564336244997,7.425026982705308,95
2022-01-09,104,5.584855394393385,4.2755732353160285,116
2022-01-10,110,3.1287614191809245,4.061032721396332,97
2022-01-11,66,3.904628757317922,6.193133060688898,122
2022-01-12,93,3.2925242812582605,7.587622497936871,120
2022-01-13,99,5.8214629998611365,3.264090975633928,108
2022-01-14,82,4.010879727464119,7.662901518325386,124
2022-01-15,71,3.166630136616948,7.443573344049197,99
2022-01-16,64,2.5736333787942183,3.7614985751568066,94
2022-01-17,74,4.941945065485431,5.959495934309206,106
2022-01-18,115,2.4314172340499964,6.6744631426085235,126
2022-01-19,85,3.2804378889535712,6.106586420507649,129
2022-01-20,65,4.17277990466191,5.455073033849626,91
2022-01-21,70,4.422146089008357,3.5091124719026388,121
2022-01-22,77,5.804629347354966,5.124363239308393,116
2022-01-23,109,5.586650785105498,5.4091624627998245,129
2022-01-24,85,2.45805090609828,5.826211664621188,112
2022-01-25,81,4.408682264930489,5.312128868473966,128
2022-01-26,78,5.004406517541625,3.0688749654203007,117
2022-01-27,99,3.9068381943854718,5.882285821353406,110
2022-01-28,98,5.298243226664481,6.311179890026382,129
2022-01-29,67,3.572850990907793,3.5484135399284513,95
2022-01-30,119,2.254800751579881,5.6142502957296365,93
2022-01-31,102,5.324376122226997,7.68138050839482,120
2022-02-01,67,4.8785565428453195,6.421810891105749,108
2022-02-02,88,3.3167444228161127,5.1024597582705455,100
2022-02-03,92,2.252254645745646,7.37225774498949,95
2022-02-04,78,3.6270235010119083,5.32194218435014,113
2022-02-05,108,4.346412175631894,3.287382688706095,129
2022-02-06,84,4.945660639425073,7.912957469894813,108
2022-02-07,105,2.0137681285196276,6.736330089807234,116
2022-02-08,69,2.1030345863303483,6.311063954502675,115
2022-02-09,76,5.7295717785885,4.338450424404494,103
2022-02-10,82,5.778563402494161,7.83540546596407,98
2022-02-11,80,5.873562303367116,6.927148169204257,121
2022-02-12,112,2.955836388578615,6.677157948400007,126
2022-02-13,61,2.605318158162286,6.297463864753427,92
2022-02-14,97,2.061077122223063,7.576227257800655,126
2022-02-15,69,3.2150267107005797,3.836202254215779,91
2022-02-16,108,5.706131247373969,3.188718046180653,93
2022-02-17,104,2.0020528259154164,5.797599724303897,104
2022-02-18,107,3.5745395730757696,5.861281652474258,116
2022-02-19,79,2.378084628929153,6.870682568356488,118
2022-02-20,105,3.0135143852983473,7.962116019318036,124
2022-02-21,109,2.948522016989157,6.409658086394403,92
2022-02-22,77,2.5462637008393156,3.0996907887845384,108
2022-02-23,114,5.3160857876988,6.415176181350676,99
2022-02-24,100,3.8643040640785635,3.45716643735404,93
2022-02-25,92,4.576027778295524,6.17345729811289,101
2022-02-26,70,5.300638069842689,6.050268122126426,118
2022-02-27,74,2.2539341765193077,6.049750001169846,97
2022-02-28,66,4.242815075135631,3.736358218551043,116
2022-03-01,109,2.329669690958227,3.0483470390819734,121
2022-03-02,97,2.163912098951312,4.95573517974684,118
2022-03-03,108,3.5638443783648732,5.4940883659385165,113
2022-03-04,106,5.2306219036043125,4.2215676378770866,106
2022-03-05,68,2.6746293797544265,5.965902097983761,113
2022-03-06,112,2.83684203811987,3.630713804147707,95
2022-03-07,95,3.488199243619881,7.313719536786455,129
2022-03-08,103,2.643053672132148,4.721711411859793,121
2022-03-09,83,4.650133127464588,5.827105039208467,122
2022-03-10,86,4.183134522561165,4.902424558501348,103
2022-03-11,80,5.801866013216218,7.3773870488111335,124
2022-03-12,62,3.414061098499794,7.201631550568829,127
2022-03-13,115,5.253759076136825,7.713064723538835,122
2022-03-14,99,5.490164491312666,3.014521999864059,122
2022-03-15,83,2.6347059526432193,5.053243459709,105
2022-03-16,80,5.4467450828696515,7.953171563894479,96
2022-03-17,78,5.344417925644359,4.743363441601577,110
2022-03-18,117,5.8425060190780735,7.624843306528233,125
2022-03-19,97,4.922480125534313,6.325712266076124,106
2022-03-20,114,2.4196490910293686,7.5073163604102255,92
2022-03-21,62,3.765290151370162,5.791612926264607,90
2022-03-22,91,2.983618597107918,6.639482358788364,108
2022-03-23,96,5.709906330044827,5.592319459816824,128
2022-03-24,71,4.287909530763374,3.379735168410967,100
2022-03-25,85,3.3003091595985645,5.61098327490309,122
2022-03-26,91,5.399393641013738,5.01389843237955,122
2022-03-27,60,2.091920418271799,7.559531625655739,103
2022-03-28,84,5.084278133360374,4.9589688585914855,91
2022-03-29,85,5.863964660370378,3.90127496453396,111
2022-03-30,91,4.1448366784626725,4.2479539901967085,115
2022-03-31,102,5.487485312232034,5.587577490462989,99
2022-04-01,61,4.619992392812984,5.3735894158923845,117
2022-04-02,103,2.949220289039572,7.401488122727713,113
2022-04-03,65,2.0586902182267246,3.7397027624567203,97
2022-04-04,117,3.1622608692614143,6.253386145734826,122
2022-04-05,93,4.792482363730189,7.714831098731582,107
2022-04-06,111,2.050909140115646,3.953845063317021,101
2022-04-07,85,3.177285974255229,7.609389419941112,94
2022-04-08,67,5.803566424674099,3.881854096432929,113
2022-04-09,70,3.9231977122191166,4.595618954169433,107
2022-04-10,65,4.66049688574474,7.283033504946801,126
2022-04-11,86,4.641371313602136,6.445412597556673,92
2022-04-12,77,4.373775643160001,6.294863176797873,109
2022-04-13,104,3.5542087332849275,7.80520795099399,102
2022-04-14,93,4.25937231466267,3.1748814018300755,102
2022-04-15,90,3.204456740237264,3.178308959099157,90
2022-04-16,67,4.104033074025589,3.4428950135676653,124
2022-04-17,115,4.73488048775787,7.411335907162874,110
2022-04-18,83,2.0042310901075524,6.171460300263272,125
2022-04-19,114,4.8354032515092555,6.635149591163115,110
2022-04-20,110,5.950344758804249,6.05934435510162,98
2022-04-21,69,3.7546813190384394,7.473370775274233,105
2022-04-22,79,4.497148918936712,7.326689402546257,105
2022-04-23,91,4.213894990263793,5.303319070460034,129
2022-04-24,90,2.0765384239841382,3.012800016581603,117
2022-04-25,114,4.013543235720677,4.424984073751885,127
2022-04-26,119,2.939636789094206,5.273853750841515,111
2022-04-27,71,3.9167562292668614,6.337809588090671,110
2022-04-28,92,5.157743575187149,6.233425625069093,127
2022-04-29,93,3.2625716534777416,7.980724799741349,103
2022-04-30,116,3.9491583291093177,4.236362399428041,129
2022-05-01,65,4.066970118431241,3.5929052994561324,102
2022-05-02,94,5.965396950551325,6.03107242200618,129
2022-05-03,111,5.307576045691267,3.307340817284566,112
2022-05-04,90,5.990411233045302,3.9224632960703087,108
2022-05-05,77,5.27555987782725,4.486850165945266,118
2022-05-06,65,4.947538561632548,7.28865532900226,114
2022-05-07,109,2.85671391792215,7.67818148732471,112
2022-05-08,75,3.0970176159186114,3.3660099250306352,118
2022-05-09,87,5.952780424711957,5.595130077786609,126
2022-05-10,90,4.609544150689693,6.318810066191697,104
2022-05-11,102,4.755524862057124,5.800778962441862,116
2022-05-12,76,3.6566557348919226,5.3546894688630715,100
2022-05-13,98,5.786290903376585,4.204520238546939,128
2022-05-14,99,3.771584240042465,4.130573643798149,103
2022-05-15,110,5.357763105002593,7.411637187049186,95
2022-05-16,93,4.055145372802999,3.5017022742563566,111
2022-05-17,77,4.838039643744713,4.033373027354171,104
2022-05-18,109,5.951743594236838,3.75080830925692,94
2022-05-19,73,2.7615997307611355,4.306150910486592,98
2022-05-20,79,5.665063325387846,5.922377565469302,110
2022-05-21,71,4.016393102907257,4.781823678733295,97
2022-05-22,78,2.46717081515476,4.26876587030198,115
2022-05-23,103,4.884878860923326,5.304718196015163,90
2022-05-24,83,5.232374053807826,5.2159787623558245,118
2022-05-25,114,3.473683577516129,6.824056673628229,107
2022-05-26,84,3.0593496829486577,3.6471629963431096,94
2022-05-27,60,4.339968740735887,6.400090852822363,128
2022-05-28,104,2.202363460216977,3.550695844787584,116
2022-05-29,74,3.839073094686341,5.238199513428622,107
2022-05-30,71,3.2147045035884947,4.363127583244492,110
2022-05-31,79,4.254098164382095,4.451693424716899,122
2022-06-01,82,4.520501942191785,6.232884835921516,111
2022-06-02,88,2.2409235169944637,5.754516394122528,111
2022-06-03,90,4.672677710977328,3.1820769814178997,107
2022-06-04,75,5.907017660841125,7.734649096095407,114
2022-06-05,111,2.262068242318481,7.587242200386001,126
2022-06-06,86,4.924278247132198,5.083407902176426,98
2022-06-07,88,5.910724090914283,5.6151974605107675,120
2022-06-08,113,5.655522290304509,5.26961220337102,120
2022-06-09,74,4.395679851098944,7.429625176035435,93
2022-06-10,87,4.927485340510144,3.540425191045242,98
2022-06-11,98,4.240180425433442,7.0751460658799825,98
2022-06-12,105,2.7586822791108303,7.392441080681746,114
2022-06-13,96,2.599629967189003,5.93892702649733,129
2022-06-14,72,4.91047896046368,4.826894056340056,121
2022-06-15,68,5.576305376078359,6.5720705484239055,93
2022-06-16,85,3.885289062223743,4.462345075152335,122
2022-06-17,68,4.877167220195411,5.651745959095938,128
2022-06-18,103,4.849474151583221,5.546815237008169,106
2022-06-19,67,4.226448279827303,4.104927626808976,117
2022-06-20,60,4.281835377333478,5.2723282395288225,96
2022-06-21,62,3.5925917098165843,6.960827280374579,107
2022-06-22,115,5.32286045963428,5.095301192845182,105
2022-06-23,92,5.871215184255854,4.150914046888189,115
2022-06-24,74,2.5681093424108195,3.5123359692667795,97
2022-06-25,119,4.8874798156327515,6.93131238345191,128
2022-06-26,60,2.021965459248378,3.0313021613562214,108
2022-06-27,118,2.4154703107362314,6.606929366760063,108
2022-06-28,73,4.553707078346404,6.904803733995989,97
2022-06-29,76,4.0170857625648,4.825211602847947,116
2022-06-30,102,4.351994135811356,4.519217967399594,110
2022-07-01,81,3.3671340249286166,7.249176504387798,127
2022-07-02,89,4.726364974300857,7.1734786287050145,91
2022-07-03,74,5.588988754196659,3.9420034905242085,105
2022-07-04,103,5.205340252762724,3.0665273845319185,105
2022-07-05,111,3.8242296262578983,7.0046014185960885,107
2022-07-06,117,4.942111196951446,6.69176680845314,95
2022-07-07,60,3.8056619484734537,7.106484868901215,125
2022-07-08,100,5.477138712632658,6.55207768445259,103
2022-07-09,73,4.314891236255898,3.9667826543505287,108
2022-07-10,85,4.850310339081929,5.55654528954045,117
2022-07-11,110,5.7038002879404335,6.897881259298682,107
2022-07-12,81,4.442464479633653,6.021324104120522,99
2022-07-13,77,3.8575376287424032,3.0037321255807656,102
2022-07-14,91,5.598338792477202,5.445699785207447,94
2022-07-15,77,4.7164237146472665,3.4977160878122824,122
2022-07-16,114,3.7362711985229136,5.539498073406621,110
2022-07-17,92,2.339020098429087,3.0784270497556454,106
2022-07-18,69,2.6899038821510457,4.302356444637205,110
2022-07-19,99,5.997999576440459,7.22409767088215,106
2022-07-20,97,3.7383910030290766,4.908505265323299,117
2022-07-21,110,4.607701517851586,3.6447763301406924,124
2022-07-22,115,4.902135567690538,5.496270962157645,111
2022-07-23,113,5.673006215013201,5.851925244587299,123
2022-07-24,83,3.4041936464454676,4.5718224038358475,127
2022-07-25,84,2.1400600544243065,3.276537680632351,100
2022-07-26,113,3.828162424882328,7.043149058874999,116
2022-07-27,89,3.809915877423514,5.581164881640788,115
2022-07-28,95,5.115458901569914,5.531351062584228,122
2022-07-29,83,5.420834069717964,4.330330097771558,110
2022-07-30,91,4.797720737271855,3.1118006641065095,90
2022-07-31,88,3.722798400107461,5.111181943120483,107
2022-08-01,93,3.451662315331298,5.099649751648194,111
2022-08-02,60,3.9111517191463823,4.995782662022107,106
2022-08-03,118,5.445884203967872,6.0451468580530605,121
2022-08-04,63,5.818498920998781,5.046407310912036,116
2022-08-05,62,5.750708899529967,3.5670399212148713,102
2022-08-06,112,5.265137959390728,7.174612418838811,95
2022-08-07,65,5.93181326670827,6.953043640137443,116
2022-08-08,93,4.18909209869488,3.910532189042666,104
2022-08-09,84,2.0702272906255015,3.9852905142761643,120
2022-08-10,116,2.9620075935321166,3.7484984807763233,97
2022-08-11,112,5.208587873991281,5.891290237120183,112
2022-08-12,77,3.1468111863630344,7.59095319637441,96
2022-08-13,84,5.333330669316403,5.205776378994557,112
2022-08-14,111,3.2738967428413694,6.1045216752284714,117
2022-08-15,61,2.9847983739756927,4.77734982061513,121
2022-08-16,119,4.7508254528148015,7.457061167355014,102
2022-08-17,104,3.491358546029431,7.019041823270805,93
2022-08-18,102,4.1579218101626765,3.95614134687303,112
2022-08-19,67,3.732229380467079,4.524242040390002,97
2022-08-20,70,5.020191304808252,4.745293041305651,112
2022-08-21,81,2.3638747285109356,4.36776747391195,103
2022-08-22,109,2.4445878566454713,5.0443452512547236,103
2022-08-23,114,4.090735014896088,5.3690056260926315,114
2022-08-24,111,2.810722797948921,6.124064436147574,112
2022-08-25,105,3.937182119177368,3.111520892352382,119
2022-08-26,91,2.4456043111836077,4.9007060691542526,93
2022-08-27,100,4.315219084980741,5.014858174815613,108
2022-08-28,90,2.94262700459886,3.2518326926936982,99
2022-08-29,91,3.6019302877301635,6.191159662224717,126
2022-08-30,114,5.605541242333693,7.715899803580723,120
2022-08-31,104,5.8929877426780894,4.469238898456676,101
2022-09-01,87,3.866476998143552,5.144640131334151,125
2022-09-02,80,5.082151100898929,7.404185475371684,121
2022-09-03,77,3.0815362608552506,6.797696350241809,124
2022-09-04,101,4.59422246792078,5.257080579775694,106
2022-09-05,109,3.6091170749714028,6.381650031364171,128
2022-09-06,105,3.6624577256040016,7.7469680452725544,115
2022-09-07,66,3.1968814893742863,5.3003696655490895,111
2022-09-08,82,4.077073036569841,7.497369414457682,108
2022-09-09,79,2.380252303790202,3.8177608027993393,129
2022-09-10,107,2.0639276211110342,7.779239482443868,99
2022-09-11,118,5.578287209311624,4.803415852941236,123
2022-09-12,77,5.987656278251528,3.9332642423715374,128
2022-09-13,65,3.6455471179975802,7.222042051381041,128
2022-09-14,91,5.767855930227343,6.6812324506772836,114
2022-09-15,115,5.998651815175129,5.958212148459857,121
2022-09-16,76,5.44862612544558,5.496274978056826,129
2022-09-17,86,4.361469996511958,4.167555681474383,106
2022-09-18,77,4.35556432749468,4.075976151880831,99
2022-09-19,99,5.0095261333566645,7.470318765294113,127
2022-09-20,97,4.066652692470818,6.99643716442205,98
2022-09-21,109,3.215252473724296,6.082521692429676,101
2022-09-22,75,3.2685581716274044,7.062827703754211,98
2022-09-23,113,4.1295722995600155,7.2903521512386735,92
2022-09-24,112,5.6694341276207965,6.556052430833527,113
2022-09-25,68,3.4114825993046756,7.387558165647351,99
2022-09-26,73,2.4270437141219294,6.553670915005608,114
2022-09-27,83,3.030012356578806,6.400982838616554,94
2022-09-28,116,5.358475592981529,3.158409829172504,125
2022-09-29,105,5.5357229939922945,5.278768725709792,102
2022-09-30,90,5.3038796466601985,5.9374167721740125,95
2022-10-01,82,2.6551112717960863,4.083061113933391,120
2022-10-02,115,2.9638294090706268,3.6901554996874655,119
2022-10-03,62,3.146674496183693,6.900502669963924,96
2022-10-04,84,5.643221910153911,6.69962974691309,94
2022-10-05,76,2.4106775028034964,5.944252024396361,94
2022-10-06,109,3.9173546029233512,5.578609903773472,117
2022-10-07,104,2.0122524086230085,5.123631421814257,102
2022-10-08,110,5.174088181219689,4.343908047577679,104
2022-10-09,95,4.343252100077218,5.9949792218581965,124
2022-10-10,72,3.394270842696648,7.3306955553400055,122
2022-10-11,109,5.275935023315183,7.0224156363859755,118
2022-10-12,105,3.532228735382919,4.947256378257079,116
2022-10-13,74,2.567645968187674,6.564861856137997,128
2022-10-14,118,5.5766070317536265,4.035144370115347,90
2022-10-15,72,2.3334835236350497,3.6758521440357073,116
2022-10-16,92,4.792093252909039,4.139065562977741,98
2022-10-17,92,3.5264617675355616,6.68346301498563,101
2022-10-18,103,2.4161063080778202,4.541108259932701,122
2022-10-19,108,2.2209033224004995,6.471023375662145,100
2022-10-20,61,5.8625657769991975,4.094666623775721,127
2022-10-21,67,4.204073623886104,4.785971881344805,93
2022-10-22,105,2.8426714493554264,6.603316810082488,110
2022-10-23,99,5.111414525826995,4.65169129321736,115
2022-10-24,119,5.84972141287461,7.322555547040038,127
2022-10-25,118,2.8449897245484097,3.4567524470403637,94
2022-10-26,75,5.7497255425045815,7.340163807809396,91
2022-10-27,110,3.30541495075393,3.1689974930956515,108
2022-10-28,70,4.835916422074357,6.832164751828683,127
2022-10-29,73,5.068925220813572,7.684937577994298,90
2022-10-30,78,5.625009499388971,6.414259049084764,119
2022-10-31,113,3.942897593509289,5.619497727639052,112
2022-11-01,102,2.285823690896529,5.625233187033904,98
2022-11-02,109,2.707057501329134,5.392390718560752,110
2022-11-03,113,2.3709013592862123,3.2458992393182076,110
2022-11-04,88,3.272851712562238,6.953167479251277,117
2022-11-05,99,3.6675731353155077,5.9356458192901,101
2022-11-06,112,4.09041935899606,7.892536366605244,114
2022-11-07,81,4.139704642938597,5.762525927700686,117
2022-11-08,115,4.49187611786839,6.892831306359289,100
2022-11-09,85,2.636582995109349,3.9475363932499863,127
2022-11-10,102,4.251537871586784,3.3726111586609804,115
2022-11-11,89,2.0146171172598786,4.9496195760057695,121
2022-11-12,117,5.155945931793252,4.003947492093831,110
2022-11-13,72,2.721348516465964,4.832441325401933,96
2022-11-14,80,2.169065193240774,3.005356121744469,90
2022-11-15,90,5.292784721510405,7.613804722959088,96
2022-11-16,114,3.461117059957632,6.250906262357617,90
2022-11-17,114,2.2501953009324405,6.402736948418702,124
2022-11-18,94,2.0208406178814835,7.597358279919095,95
2022-11-19,70,5.640671337593591,4.892463488470565,128
2022-11-20,67,4.701146241974987,6.0641498708081,117
2022-11-21,76,3.900763043054947,3.5493829156758685,112
2022-11-22,91,3.3595350662028247,7.102979009802677,108
2022-11-23,71,3.2892997682717096,3.912286684167334,110
2022-11-24,70,3.574652752638112,6.912495518969356,104
2022-11-25,91,4.515790440651066,7.332123134498726,96
2022-11-26,97,2.0347552963713644,7.426719130538107,99
2022-11-27,118,5.3005489618305255,7.801091096097364,126
2022-11-28,70,3.473633939495117,6.518517593274572,103
2022-11-29,98,5.885978289762777,4.338818050346058,114
2022-11-30,96,3.4422052063097763,7.1968457900537555,113
2022-12-01,92,3.656198790670717,6.990350218621002,127
2022-12-02,91,4.191120771204742,7.51289286281884,90
2022-12-03,89,2.1234686579897697,7.686890351816118,102
2022-12-04,60,5.392042734058318,3.8635216222674362,129
2022-12-05,84,2.588362375729294,6.377372446839752,124
2022-12-06,96,4.1800176171730214,4.44170815079958,114
2022-12-07,64,5.567970884994718,4.623992888168555,105
2022-12-08,105,5.527185205486635,6.1023618966068,126
2022-12-09,96,5.219136888802435,7.629620617444161,120
2022-12-10,71,5.0015532680098875,3.7735000611034453,99
2022-12-11,96,4.52043462392708,7.151873457538617,115
2022-12-12,80,5.209966678129521,6.162509117219585,90
2022-12-13,67,5.919709649611966,5.674518281935729,115
2022-12-14,86,5.8173433959009655,5.468958791108776,103
2022-12-15,61,4.944695744742226,4.200191350040887,115
2022-12-16,69,2.366885669305058,3.009337734506472,109
2022-12-17,80,4.34293469922814,7.511991326187608,115
2022-12-18,79,3.5335956643973296,5.627057843619495,115
2022-12-19,105,5.91903527792415,5.134139583759593,123
2022-12-20,83,2.5804432589871427,3.211998830942771,98
2022-12-21,60,2.425271648170186,5.392387337394894,121
2022-12-22,63,4.855029186139105,3.6003035852275445,113
2022-12-23,78,5.439424487559862,3.6929849556196768,107
2022-12-24,66,3.4020294198375325,6.902851325220397,115
2022-12-25,86,4.815441738885006,3.9832381471961034,113
2022-12-26,116,2.3606942232211465,5.1281034836069965,115
2022-12-27,92,2.210499509957051,5.095516680773701,129
2022-12-28,101,4.873750981695288,3.2285979434995102,99
2022-12-29,110,3.0671021919531665,5.298659683993636,99
2022-12-30,94,2.346451403228015,7.604196793993529,108
2022-12-31,67,2.284348221906215,5.324469835061317,102
2023-01-01,96,4.799338982418787,4.808689691237459,102
2023-01-02,77,3.597620974157902,3.424590693390291,94
2023-01-03,103,4.84525078768395,7.410323528324983,107
2023-01-04,112,4.399365641910048,3.2697977618722307,92
2023-01-05,86,4.5550774377861325,3.358765388109626,103
2023-01-06,89,2.9412023003386394,5.196802903292037,102
2023-01-07,70,3.7698700848442526,4.1614470168585145,116
2023-01-08,116,5.287875188240051,4.967243477329195,123
2023-01-09,69,5.503354305861453,6.580382039118162,128
2023-01-10,111,5.070851622699539,7.061919429786252,93
2023-01-11,91,4.340339844116978,5.109916036534352,110
2023-01-12,81,3.7004378185874236,6.045186359978093,114
2023-01-13,118,5.800028410964596,5.088425261285296,93
2023-01-14,91,5.007645961402067,4.576248998047113,121
2023-01-15,117,3.760834176669785,4.665002666591734,111
2023-01-16,74,3.8821210886507562,4.1093565970371095,129
2023-01-17,96,4.117565173957067,5.057316165432402,104
2023-01-18,106,3.2540489594491335,5.077396988220036,100
2023-01-19,98,3.206538631617162,6.067484134660215,91
2023-01-20,119,4.222919121819433,4.630446673760511,120
2023-01-21,117,5.155614244466447,7.362481820364388,108
2023-01-22,85,2.4662565309802056,5.475705170559996,125
2023-01-23,99,3.4217372865088955,7.845975283277767,111
2023-01-24,81,3.3268364343269807,6.74647814233911,119
2023-01-25,103,4.61961098017854,6.100344612428854,103
2023-01-26,63,5.539041987692765,4.583160697791621,90
2023-01-27,117,5.964237612430567,6.589422719082788,100
2023-01-28,74,2.417460689409541,5.530434000303483,109
2023-01-29,67,4.337438903783264,4.380104171657189,121
2023-01-30,115,2.2226031637132104,5.157027079471275,98
2023-01-31,65,4.315243933259291,4.154000609236258,99
2023-02-01,74,5.1045517894931605,6.187684659875556,90
2023-02-02,75,5.571974837071322,3.1404229515908106,99
2023-02-03,85,2.552152267902436,7.1946583146948395,125
2023-02-04,63,2.5134178834570617,4.155300204773084,95
2023-02-05,60,3.474364320094146,5.7271640466453375,104
2023-02-06,111,4.920598843548051,7.808509096227921,116
2023-02-07,85,5.865280991042569,5.084337252296046,123
2023-02-08,60,2.926121938134653,3.099887861628938,98
2023-02-09,71,5.722222529727061,3.7768779418178213,93
2023-02-10,89,2.7315459182169284,6.033976516023488,107
2023-02-11,66,2.4671753332332402,3.2413594192079405,122
2023-02-12,63,2.3864957973231657,5.022121636301684,90
2023-02-13,82,5.378818215959551,3.5558786156626883,95
2023-02-14,86,3.0628145402199833,5.045255082347355,95
2023-02-15,116,3.656904497878796,4.262931902490113,128
2023-02-16,113,5.738028264484996,4.032869301612756,103
2023-02-17,107,4.7766461638603195,7.701676595323417,129
2023-02-18,76,5.356514439720273,5.700747405339469,121
2023-02-19,112,5.791749982215224,6.29004520841473,128
2023-02-20,77,2.704397032959972,5.85187600594598,95
2023-02-21,101,4.994617832672962,7.968392471458911,109
2023-02-22,81,4.132583613166251,4.476237856378692,100
2023-02-23,73,2.582644368211511,3.4412011919119707,127
2023-02-24,99,5.266537221926725,3.6287390866587717,125
2023-02-25,76,3.598820573785092,5.318534813488418,128
2023-02-26,103,2.391602885574082,5.656688807312202,104
2023-02-27,109,5.96884975554826,5.45781399226993,109
2023-02-28,69,3.4568419533411476,5.016321384246705,99
2023-03-01,93,4.582187287866045,4.915976505606304,103
2023-03-02,114,5.0584892709625695,7.373827513583964,123
2023-03-03,100,5.75292916500925,4.826692624446782,119
2023-03-04,76,4.304600082612868,6.81121874480389,116
2023-03-05,118,3.400305753523684,6.755473889617154,109
2023-03-06,96,2.8625693838444817,7.122106950049509,92
2023-03-07,62,5.355310204704485,7.264610393185135,129
2023-03-08,85,4.744183666660713,3.874226458019459,95
2023-03-09,103,2.3814910130006806,4.79369011583096,93
2023-03-10,68,3.1781137930074674,3.676750421170669,122
2023-03-11,116,4.413305283606117,7.202338319848618,129
2023-03-12,86,5.541571377847523,6.50489150757471,125
2023-03-13,77,3.7203301512917455,5.751898125203911,128
2023-03-14,114,2.2993132716340257,3.329490253234131,116
2023-03-15,101,4.486362522263379,4.650605315082588,90
2023-03-16,94,3.8989404200990374,4.49600357887784,95
2023-03-17,107,5.643956544062343,4.732189732975877,106
2023-03-18,109,2.8454559798541967,3.5396222594594464,91
2023-03-19,106,5.6435440524160505,6.0696359841750525,119
2023-03-20,60,5.7478640521136235,4.922325298914906,121
2023-03-21,87,3.700993484429909,3.945303617605095,115
2023-03-22,112,5.484639922963361,5.3483652736427265,116
2023-03-23,84,3.6817122568490857,3.5372412566480858,100
2023-03-24,65,3.688385031077966,3.083741240885863,93
2023-03-25,102,2.370754401220933,3.390839840496024,90
2023-03-26,118,4.946581829399237,3.281222624847559,97
2023-03-27,102,3.364956404484136,3.2273126836479995,97
2023-03-28,96,3.5525671679680517,6.823692993525132,124
2023-03-29,88,2.940333142547182,3.81742375423189,125
2023-03-30,79,4.145047562839629,6.739494298377238,105
2023-03-31,110,4.351053088554596,7.158427651441475,95
2023-04-01,71,2.403880700492299,5.0026978727478895,119
2023-04-02,101,2.0756878406331563,3.565875638936147,110
2023-04-03,97,2.2128014040307047,5.264525193763863,110
2023-04-04,108,4.882820152678654,3.739255154566727,92
2023-04-05,87,3.715116714486219,6.503437269509588,100
2023-04-06,73,4.876625728883569,5.924700892770538,123
2023-04-07,75,3.503044340741531,4.134952240550454,106
2023-04-08,116,2.694093146120741,4.728951391554079,106
2023-04-09,76,3.404566783888001,3.381845002192428,97
2023-04-10,84,5.070239622711843,3.408325322066516,125
2023-04-11,109,3.16739614303183,7.719168570238526,99
2023-04-12,91,2.110788823159509,5.242700026527764,117
2023-04-13,110,4.390599055146865,6.804230235370838,95
2023-04-14,111,4.722508198177481,4.3051652126281255,115
2023-04-15,107,2.865301834802206,3.0530599328106733,119
2023-04-16,73,3.264166030952852,3.8645131484111572,106
2023-04-17,117,3.1343224519199904,3.85828226724751,107
2023-04-18,70,3.3700077616348825,7.362747326526319,117
2023-04-19,98,2.9771833923644007,6.93643026148321,107
2023-04-20,77,4.744935626527328,4.237165247677302,124
2023-04-21,113,2.8988376808528162,7.73989477513804,113
2023-04-22,115,5.402291734074552,6.362412811251438,101
2023-04-23,87,5.385691250449131,7.967610142951141,107
2023-04-24,79,2.230246448278579,4.069881844374329,102
2023-04-25,87,3.126720867706684,6.218090496700086,90
2023-04-26,67,4.546293603287429,5.518383866414767,100
2023-04-27,117,5.5364062221409185,4.534756699428508,113
2023-04-28,80,3.811104280010038,3.496665223458186,94
2023-04-29,89,4.6781495370325015,6.3666385440563715,120
2023-04-30,67,3.4987826772399324,7.473367014037503,93
2023-05-01,63,2.643515334263869,6.099716773409964,115
2023-05-02,103,3.249401929499867,5.556976138954725,97
2023-05-03,65,3.224584690122271,4.866600227723035,92
2023-05-04,71,5.111432035965263,3.6722342879172434,91
2023-05-05,60,5.005183173071624,5.587148553221921,119
2023-05-06,99,3.0023527067395204,4.30728328382215,116
2023-05-07,75,2.301529411912367,5.436950924941838,99
2023-05-08,64,4.951878113420262,7.733375389665157,121
2023-05-09,82,5.749452754549804,6.977709438856778,102
2023-05-10,71,2.748410067423457,7.7782662178273725,111
2023-05-11,64,5.175403657256994,7.442856829038384,117
2023-05-12,112,4.834226730504643,6.0584908622834694,125
2023-05-13,99,2.1325052895767325,4.529586309925268,121
2023-05-14,78,3.5026312004469995,4.8632764699149,101
2023-05-15,107,3.6988720835704307,6.949554492141748,96
2023-05-16,66,4.003568332745866,3.964575415597899,127
2023-05-17,116,3.858886728256782,6.221528268862372,112
2023-05-18,111,5.6336989604875525,3.081563946996392,113
2023-05-19,89,5.907103947818474,4.398503202518113,107
2023-05-20,106,3.3950437169015872,7.845496606873913,110
2023-05-21,68,2.1824189446997972,6.293699635333233,102
2023-05-22,119,3.2701517293555837,7.054148345933541,126
2023-05-23,70,3.6844425278383626,6.880672411547304,125
2023-05-24,117,2.897839688361343,6.845632912779626,108
2023-05-25,91,5.311216317130892,3.0477739623453677,100
2023-05-26,104,2.0938224798995977,6.684210399511958,126
2023-05-27,85,2.6939763264497043,7.981394951830206,112
2023-05-28,119,2.401840469075741,4.581419273083908,129
2023-05-29,87,2.5531915237690463,5.004573581556848,111
2023-05-30,90,3.3684346853656972,6.320053974560027,113
2023-05-31,112,3.258569821835316,4.023491558493898,118
2023-06-01,94,3.8702150274721996,4.3712520154571735,124
2023-06-02,89,5.819631403716385,7.356133813269335,105
2023-06-03,96,4.424435393049019,5.875778031497908,95
2023-06-04,108,3.9198502917477196,5.770042527291504,125
2023-06-05,119,3.6760796444098505,5.431361691522051,114
2023-06-06,95,4.019582455763548,3.893614936931076,127
2023-06-07,106,5.725528011125939,5.369258865205124,110
2023-06-08,117,4.794895238329845,7.393995959146262,116
2023-06-09,71,2.423051080334842,6.442454109611958,94
2023-06-10,66,4.560828319666127,7.629516959378917,90
2023-06-11,92,4.6722554917953385,3.169733900702831,107
2023-06-12,106,4.0065629488602195,4.573511474913115,106
2023-06-13,61,3.7562335400570905,5.5961903009566765,119
2023-06-14,60,5.326362452963776,6.050045612405078,111
2023-06-15,64,4.41276103284015,4.684578183950585,91
2023-06-16,109,5.565577909263151,3.933564751672992,126
2023-06-17,75,3.5386624627986456,6.553820467829869,91
2023-06-18,99,5.5468813743873095,4.257960010496936,107
2023-06-19,74,2.2353520263570927,7.999813732281812,110
2023-06-20,115,2.9323834164862106,4.7072497053056015,106
2023-06-21,95,4.638203930538616,6.823980876289435,111
2023-06-22,60,2.6840853122096453,3.7886018126351106,95
2023-06-23,109,2.2172525551548,5.391729934236347,119
2023-06-24,112,3.0876015264362593,6.328754940556267,114
2023-06-25,87,3.6802527893192902,6.728906991587843,125
2023-06-26,119,4.364155460189842,7.484869902296565,100
2023-06-27,93,3.5615536118703965,4.1833466521666605,107
2023-06-28,84,2.4734667066155436,3.9553590110815753,111
2023-06-29,117,3.1718741244124016,4.809745526923643,108
2023-06-30,91,4.321392763084691,5.690640430335861,92
2023-07-01,115,4.605746633659521,7.507789930242591,118
2023-07-02,78,5.446837771664725,7.169905855589083,106
2023-07-03,71,5.760973541597155,3.290535424170254,103
2023-07-04,87,3.842871262482722,7.1535592791750995,120
2023-07-05,116,4.948767028062932,6.631352115891644,102
2023-07-06,73,5.754061972484863,3.0122442491278547,106
2023-07-07,73,5.9616000435506695,4.173836086360527,98
2023-07-08,114,5.963870844391703,6.2623157368955935,98
2023-07-09,102,4.052287302299174,6.050395502776759,111
2023-07-10,103,2.0251031348014874,7.294993501007702,113
2023-07-11,119,4.965170818488934,6.934138551074056,117
2023-07-12,119,2.1354743623399703,5.752270495959201,119
2023-07-13,102,4.148518327215141,4.842006162133652,104
2023-07-14,114,3.0752818808272084,3.2360738128350808,120
2023-07-15,74,2.59761354811384,6.986183006020154,105
2023-07-16,87,5.772385787543852,3.734413134652762,117
2023-07-17,110,2.396518772776106,5.229446949478924,91
2023-07-18,70,2.5365137056974647,6.095111344207253,98
2023-07-19,118,3.650193490841796,7.171090195989158,92
2023-07-20,77,5.1343468119123745,3.8056965968601313,100
2023-07-21,83,4.112999547450151,7.736191621024892,127
2023-07-22,100,4.531809010661126,6.837333754153493,114
2023-07-23,83,4.461725391643874,6.793288421966949,103
2023-07-24,97,2.684363639893898,5.2804611955968594,105
2023-07-25,79,5.1882713800803,5.177075412816566,126
2023-07-26,75,2.2570709528511923,5.431779925063132,101
2023-07-27,88,4.5216685965803975,7.709055543339269,91
2023-07-28,114,3.5203569446882894,5.351225631285855,99
2023-07-29,73,5.550661314971945,4.58757677063724,120
2023-07-30,90,2.8676842886059686,6.185453554121025,127
2023-07-31,102,3.309615714808502,4.8357962617212085,123
2023-08-01,83,2.0831273270016513,5.55250800672782,125
2023-08-02,74,3.1774920429448854,4.622927659220025,90
2023-08-03,67,4.848766196030633,5.709244766437344,108
2023-08-04,108,3.29453827971558,5.198868742931168,106
2023-08-05,62,2.1525307995790617,4.217271176982581,121
2023-08-06,63,2.643735770865664,6.827959739799934,121
2023-08-07,74,5.1556450152530156,6.726374535897818,95
2023-08-08,94,3.69755624988183,5.719172604128242,120
2023-08-09,115,4.396693239542632,3.8940991191553787,104
2023-08-10,103,2.6014822773074884,5.118948125447792,111
2023-08-11,114,5.291152653686697,4.864357488975918,123
2023-08-12,73,5.697142466272577,4.483063306310916,91
2023-08-13,72,5.499354150626935,3.09142084522027,93
2023-08-14,79,3.80688309120738,4.142073031421624,103
2023-08-15,77,5.711889168495821,6.660257312994316,128
2023-08-16,111,5.561370195151813,4.1635805638103225,107
2023-08-17,74,4.331372805285103,4.3366993845128885,117
2023-08-18,74,3.266599059627781,6.68777366392763,99
2023-08-19,75,4.443471812712932,5.79255556007297,91
2023-08-20,112,4.847157665764362,7.719261832476539,109
2023-08-21,98,5.339980029868762,6.038834158332434,125
2023-08-22,81,5.368731223123789,4.024547044368178,115
2023-08-23,82,3.014816927394401,6.488170804358203,91
2023-08-24,68,2.329927884805633,3.838845453583947,104
2023-08-25,67,5.874501569215081,6.223689486679356,107
2023-08-26,97,5.729319746561474,5.782919528905613,107
2023-08-27,79,5.377730570556899,5.982855915053428,111
2023-08-28,83,2.146617698549497,3.24383475974755,97
2023-08-29,98,2.2367185948353505,7.480892616649967,113
2023-08-30,89,2.6544459734805623,6.430667627286365,110
2023-08-31,65,2.1071059920084,4.173651929681508,103
2023-09-01,103,4.5828994731160275,3.9643509973968483,96
2023-09-02,90,4.431644565670625,6.410331682914615,118
2023-09-03,63,5.439129290620929,5.445103526120836,129
2023-09-04,108,5.797511879785625,3.2734115878001173,120
2023-09-05,69,5.495930963614552,5.992363693352298,119
2023-09-06,93,2.2888836491365248,7.054687403156908,108
2023-09-07,60,2.2585734481614415,6.618591432780111,92
2023-09-08,88,4.136191577400505,4.542303030677892,120
2023-09-09,78,5.464380761059358,5.879989953402049,126
2023-09-10,118,5.554741963241451,3.533762565718553,125
2023-09-11,88,3.9108112837826705,7.406119690793604,92
2023-09-12,60,4.63411105295895,7.152436273643899,108
2023-09-13,90,5.73936697955058,7.632328772315591,92
2023-09-14,101,4.198222615585718,5.359801672534127,94
2023-09-15,116,5.06346228410437,6.566761825468857,112
2023-09-16,80,4.946777060210325,5.667505526341537,95
2023-09-17,63,4.211910038394922,6.0784998868424776,117
2023-09-18,81,5.860947229940274,3.454075462419366,118
2023-09-19,86,3.753640042086105,7.646504834116873,107
2023-09-20,73,3.712347012838277,5.521827089993639,117
2023-09-21,92,2.563437915520517,5.5410965489916775,128
2023-09-22,71,3.4635245524443143,3.331837349094379,117
2023-09-23,87,4.7252616506177825,5.002437293637751,95
2023-09-24,96,3.564838367867307,6.8419892049151,98
2023-09-25,116,5.844625166867319,7.574455003611174,113
2023-09-26,77,5.52074710939782,4.536289373810099,124
2023-09-27,77,4.9473887792638465,6.551321305893191,111
2023-09-28,100,3.6190510173256305,5.756634177482061,120
2023-09-29,118,4.676422854118307,3.1860479625258664,117
2023-09-30,109,5.776126160869051,6.149657156411622,117
2023-10-01,85,2.8549603525622405,4.774843062774945,90
2023-10-02,70,5.039310908246051,5.601732635772445,123
2023-10-03,73,3.23370706983449,3.5716386541892966,95
2023-10-04,73,4.809323082528161,3.435591084644611,104
2023-10-05,101,2.439953487958939,4.429856688026501,92
2023-10-06,103,2.3621381368299885,4.198297827622563,104
2023-10-07,107,5.343066228906892,7.539373700613936,118
2023-10-08,103,3.901478624715278,5.887500679271928,123
2023-10-09,98,3.692720737794203,5.929210903284458,94
2023-10-10,89,3.6485878520992463,6.220486241282218,101
2023-10-11,103,3.7906886649158054,6.6697365914044635,92
2023-10-12,73,4.2839155520872865,3.4350385077330374,118
2023-10-13,64,2.541395743812592,3.090194530022515,114
2023-10-14,119,4.961216822103616,3.7223122428344575,107
2023-10-15,75,3.5536410811123083,4.638228014019841,123
2023-10-16,67,5.839420830582583,6.767658700338754,90
2023-10-17,102,3.7642532876025427,4.9604374317462305,117
2023-10-18,112,4.607508088521275,4.9408423633081355,120
2023-10-19,80,2.700347626982551,6.6082079817558395,117
2023-10-20,86,5.04556680496318,6.811422023637586,99
2023-10-21,72,5.7151833699916015,3.641942583589135,108
2023-10-22,63,3.412425279827549,5.788450244840597,120
2023-10-23,98,4.205408517255683,7.796668294144,99
2023-10-24,70,5.371482008561204,3.748414242740818,109
2023-10-25,69,2.4342797277261883,6.404821614086382,92
2023-10-26,62,2.982238295867779,6.86926731048348,126
2023-10-27,102,5.7563158054105745,3.250950791642035,107
2023-10-28,60,3.568114927464577,3.083891188638219,114
2023-10-29,83,2.1104114975368695,7.035836432250689,118
2023-10-30,83,2.9173577912840023,3.2692077657619345,126
2023-10-31,95,3.9279066754989103,3.7343072171869247,113
2023-11-01,79,5.517930939806987,4.617882042977847,122
2023-11-02,114,2.669572467999531,3.1059398969708347,117
2023-11-03,109,2.4762717694539496,3.9896221211772,114
2023-11-04,92,2.0115726291526244,5.337112195846412,106
2023-11-05,100,4.058723413278026,4.607283255606451,100
2023-11-06,90,5.075637444226787,5.425249801765503,110
2023-11-07,68,3.0197805699436984,7.315162369340724,129
2023-11-08,77,2.7448603122192607,6.860312122908972,98
2023-11-09,62,5.2383701726315675,7.858128333181732,126
2023-11-10,61,4.176090057886772,4.602688768782869,107
2023-11-11,76,3.391546909654705,7.766387224598054,91
2023-11-12,81,3.763366611513098,5.268488241108033,106
2023-11-13,87,5.779779076198332,5.823413300219514,109
2023-11-14,101,3.4868805126406275,6.3593450923488,114
2023-11-15,80,3.529350802821771,6.852383595525255,103
2023-11-16,73,5.155241656314763,7.8602983720404405,91
2023-11-17,83,4.888563228517539,6.926349324237727,121
2023-11-18,103,3.428904641227588,7.151499420469904,107
2023-11-19,103,3.81878509619374,6.204746231401935,92
2023-11-20,117,3.6889640668897283,6.036346595391107,116
2023-11-21,72,2.6267309815988464,7.879633727338338,97
2023-11-22,92,2.6852336758946125,5.811040334836968,101
2023-11-23,107,3.6556801520325,5.210363330653411,105
2023-11-24,91,4.554013609833589,4.057421627014979,94
2023-11-25,87,5.34466489659126,4.764198552801298,119
2023-11-26,75,5.6163087683847115,7.93401826118732,120
2023-11-27,77,4.40731460366359,3.6530965116280782,125
2023-11-28,92,3.9718285532855395,6.172674950811913,101
2023-11-29,100,4.787832465981268,4.984239407583868,123
2023-11-30,72,5.309586994897881,5.244254834945741,101
2023-12-01,116,2.7944927983490215,7.74830293009536,96
2023-12-02,116,2.993130174987805,4.989804959906449,126
2023-12-03,68,5.993371771053039,7.046309706256045,123
2023-12-04,116,3.7961029439550633,5.166525820643994,93
2023-12-05,90,5.028921703574089,6.127147433557971,98
2023-12-06,106,4.517965153454881,6.988641892440937,121
2023-12-07,96,5.525583898922451,6.680792743715851,96
2023-12-08,89,5.670026138891043,3.662841378834079,116
2023-12-09,68,2.589231314692328,5.347988544572347,129
2023-12-10,104,4.338307704680817,3.1195883929489865,95
2023-12-11,112,2.3297959901525416,5.309033249498775,95
2023-12-12,80,5.704335855906567,6.836612685453746,124
2023-12-13,113,2.6398455937138676,3.445372652073009,99
2023-12-14,106,4.91175891438676,6.0457065850244165,116
2023-12-15,78,4.7095005644760715,7.449582487089301,120
2023-12-16,88,2.2676304982120277,5.943850608550621,102
2023-12-17,119,3.214376260231549,3.5804038940738203,122
2023-12-18,70,2.6950682902079843,7.898390549913687,110
2023-12-19,84,4.349190344461373,4.232188516725001,99
2023-12-20,67,3.248402593118461,3.6009908163425366,90
2023-12-21,78,2.9057766728404366,3.2371104514797597,109
2023-12-22,66,5.162632803502035,3.688264468544496,90
2023-12-23,103,2.1324393200710507,3.8383770263370547,128
2023-12-24,90,2.7754120606884904,4.609720918117725,113
2023-12-25,83,3.7262298266767706,3.153168399615449,120
2023-12-26,66,5.507826064976012,7.032387712153637,128
2023-12-27,98,4.071538216843972,6.016746496595575,102
2023-12-28,71,3.4000236089995175,6.79118721270833,117
2023-12-29,114,5.171458994719412,4.502469033029188,123
2023-12-30,85,2.793395353516134,7.8511288207952,110
2023-12-31,69,2.726994539365871,3.720105853023003,117
2024-01-01,118,2.514733022625455,6.480368073319014,98
2024-01-02,109,4.286410237937922,6.192579722987192,94
2024-01-03,90,4.923844743210816,7.458698055774067,115
2024-01-04,106,3.112739166290628,3.5840728384646505,128
2024-01-05,119,4.727463571905241,5.043232178042366,126
2024-01-06,75,3.4916058743980734,6.162022430497535,114
2024-01-07,73,3.1984143083376484,3.2584283963179463,122
2024-01-08,80,5.379829289197236,7.291429879408993,129
2024-01-09,96,4.8134791564594614,3.540825620353977,110
2024-01-10,110,2.327702760751687,5.796035759646932,113
2024-01-11,79,4.796527282844352,6.976086165491711,123
2024-01-12,64,3.700604657871038,6.4906901504021,116
2024-01-13,98,5.0216769634184315,4.459156525092215,96
2024-01-14,112,2.4162742761451472,4.518118741053177,123
2024-01-15,97,2.440428676452022,7.271043882149473,103
2024-01-16,105,3.053480940050369,3.427733897741155,98
2024-01-17,71,2.2259043146515847,3.8665063886143582,93
2024-01-18,61,5.151126620233691,5.6559913707513365,117
2024-01-19,102,4.928736251374101,7.169531054969408,98
2024-01-20,112,4.199192163353898,3.2738955619248173,105
2024-01-21,91,3.47807077318042,6.854371657565362,115
2024-01-22,94,4.855136286454733,4.84084012604991,129
2024-01-23,63,2.463586508627764,5.702132167004323,94
2024-01-24,116,2.907319458175732,4.037424880821032,100
2024-01-25,94,4.1999489446542775,3.589117792158624,104
2024-01-26,103,5.021401225442126,5.360772717007096,97
2024-01-27,84,5.792038255201255,4.935236692853645,90
2024-01-28,118,2.086017661105229,3.5241899019759186,106
2024-01-29,107,3.847779200132561,7.700214575815721,119
2024-01-30,86,4.2245644064501695,5.451891086218092,122
2024-01-31,60,2.7232506815687407,3.1240729282826747,109
2024-02-01,66,3.4872274546314186,6.354981048403127,93
2024-02-02,83,4.73939560097369,6.076924900203743,105
2024-02-03,73,5.301015276817146,6.043745579473443,95
2024-02-04,66,3.101023497049423,6.500905211374986,104
2024-02-05,110,3.4818759939930457,4.769749883682729,124
2024-02-06,89,4.0265832836654365,6.237736434414655,104
2024-02-07,75,3.0116099659430224,7.740421437125305,127
2024-02-08,96,5.589184413894861,5.947476618899053,99
2024-02-09,90,3.1328856977036876,5.9206848463190145,126
2024-02-10,74,4.891353888557579,3.2545038632933307,119
2024-02-11,73,2.0840725224669514,3.615843047542886,103
2024-02-12,90,3.0779222815780067,5.913735796933126,118
2024-02-13,68,4.256251506296859,3.9284866518608936,96
2024-02-14,100,4.869673725043978,3.4447961531111098,107
2024-02-15,91,3.716406200600632,4.019225034338768,102
2024-02-16,101,2.6120924543017576,5.4421407612060335,109
2024-02-17,73,5.69733510518391,5.468449208531258,103
2024-02-18,93,4.707231215546919,3.8014860124874112,103
2024-02-19,72,2.764083570604624,3.6633557906230565,118
2024-02-20,104,3.555185549234097,3.4856823139646194,90
2024-02-21,78,2.4972139180440185,4.271874356083437,116
2024-02-22,75,3.8458112011182974,3.3228079841685307,102
2024-02-23,87,3.041984037152333,3.0323439951715203,108
2024-02-24,110,2.7562783676926066,7.675967917890403,115
2024-02-25,95,2.215411077886925,6.889561661834884,92
2024-02-26,74,2.9541422741657324,7.5169282831769655,104
2024-02-27,91,5.752512059496381,4.3515827781257075,98
2024-02-28,92,3.461336135734872,4.222529953328188,128
2024-02-29,107,2.1852594486344254,5.4886464610053265,109
2024-03-01,112,4.873949641883279,5.5434581542745605,112
2024-03-02,78,3.6778063049998573,5.938033945909959,90
2024-03-03,109,4.632418859125661,6.156624863518387,103
2024-03-04,101,2.4094172276384014,4.081121134477724,105
2024-03-05,86,4.4950673053141035,3.8719467262369003,101
2024-03-06,68,2.66017869456894,6.307806213552437,128
2024-03-07,117,4.879765305650672,6.5983091944523755,103
2024-03-08,113,5.499302705143105,5.601039827054022,117
2024-03-09,87,5.2626046961227715,3.7692355028197277,113
2024-03-10,71,3.9589646217301317,5.822935924066282,108
2024-03-11,71,4.4366471916633206,3.1678148940862667,93
2024-03-12,77,5.323250686441005,3.22633789311054,126
2024-03-13,75,3.0230979939483325,4.281451823487743,124
2024-03-14,111,3.9864650774986243,5.568281920615899,105
2024-03-15,93,2.8299211243613898,7.406281652284006,104
2024-03-16,75,4.4895487459821775,3.937960298245474,103
2024-03-17,117,3.940616562173749,6.590783277955127,121
2024-03-18,64,4.747226426669773,7.308294353360392,100
2024-03-19,83,2.731055349730015,5.212172225304565,109
2024-03-20,78,2.3718432429084704,5.30298734881721,121
2024-03-21,97,2.550839101867514,3.0957687638836324,118
2024-03-22,60,5.247596702328451,6.876185282890235,108
2024-03-23,105,2.9667743767796746,5.084182065728099,111
2024-03-24,109,2.6051840499883574,7.428758070329327,97
2024-03-25,85,5.1242030596471295,5.70586575167012,123
2024-03-26,85,3.4566086402459764,3.857939593643187,123
2024-03-27,71,2.541044581657381,7.6374817752593716,110
2024-03-28,108,2.1721960192822087,3.9081221963081476,116
2024-03-29,102,4.316046227995484,4.273761912796624,111
2024-03-30,107,4.514587900349741,3.230748102155067,107
2024-03-31,75,3.325199938384828,7.637637392422297,98
2024-04-01,95,2.1166038067333073,7.695136998178063,121
2024-04-02,87,2.7363200316490817,4.440986678931125,91
2024-04-03,75,2.573996617473813,4.934227645500341,92
2024-04-04,89,5.192690758030646,3.13481429114063,108
2024-04-05,61,4.02398807519179,7.85826068858451,107
2024-04-06,70,5.131864756916971,7.4959602829784675,117
2024-04-07,101,4.828616718107439,3.801921870077791,97
2024-04-08,114,5.625756068232787,3.2309112478309796,118
2024-04-09,101,4.023675235144118,7.024468716467493,99
2024-04-10,91,2.466931219135799,7.6414240592378695,114
2024-04-11,119,3.986525874056311,5.699007645603679,112
2024-04-12,72,3.8862383918535746,4.513630754619842,123
2024-04-13,82,5.969422952080786,6.144327279902341,104
2024-04-14,112,4.827012188000548,3.885482769288884,108
2024-04-15,73,3.1621926229053368,6.1523849852778225,107
2024-04-16,73,3.142904188704547,4.597263488971206,118
2024-04-17,82,3.8342212123935386,5.578769426397551,109
2024-04-18,93,2.945016410208647,4.168068950660639,117
2024-04-19,63,5.329231290058932,7.128094167305723,116
2024-04-20,118,3.289721212049043,5.335172307248294,116
2024-04-21,116,4.369225507734633,7.179577852110258,99
2024-04-22,74,5.439532011087522,5.849646793859934,117
2024-04-23,102,5.612735566378089,6.395380840474275,111
2024-04-24,62,5.900596256067197,5.7443956697356,92
2024-04-25,83,2.2096436290224997,3.9813371045756907,101
2024-04-26,100,3.5087869207513838,6.553149190403268,125
2024-04-27,116,4.398480244767017,5.541656483100736,127
2024-04-28,96,5.891370700905947,3.3598598881570596,121
2024-04-29,109,3.585464065785884,3.2828708212526103,104
2024-04-30,84,3.0014333814174377,5.653652999760318,122
2024-05-01,116,3.21649101829735,6.07397374035226,114
2024-05-02,86,4.6365631905035585,3.096221043351474,118
2024-05-03,114,5.40498831792238,3.4435058388062227,90
2024-05-04,82,3.7614503222897313,6.1632420462439175,123
2024-05-05,88,2.721606520224711,7.534074405738155,93
2024-05-06,74,2.9176324576216524,7.997734300446283,104
2024-05-07,108,5.94813682761382,5.287421085029719,113
2024-05-08,108,4.191899738351001,5.200460612938408,124
2024-05-09,103,4.572173979561928,6.2549429567222585,101
2024-05-10,101,3.1173839056543153,5.931776691031381,114
2024-05-11,67,3.0709037113845077,4.788084471975015,109
2024-05-12,70,4.849126166065411,4.487221933020189,110
2024-05-13,114,2.087590386473177,7.117708066342633,123
2024-05-14,60,5.64498967912478,4.1423896807910285,108
2024-05-15,100,5.278888118491091,4.91315435151777,94
2024-05-16,70,5.4615089359940665,3.453437753700721,127
2024-05-17,63,4.70390106807624,7.11210604113048,94
2024-05-18,88,2.54699781882173,4.308005920241768,120
2024-05-19,90,4.700954395097778,6.92730702601401,95
2024-05-20,90,3.641230572223623,7.478511214799093,105
2024-05-21,95,3.0041419155138933,6.039540831326827,129
2024-05-22,107,2.172981486475278,3.720681478005154,94
2024-05-23,85,2.767923409478492,5.432911000351838,98
2024-05-24,107,4.796510838466576,5.906365703022382,121
2024-05-25,79,3.6387974460874335,3.718755020893962,122
2024-05-26,71,2.7855950086175225,7.858055671590728,109
2024-05-27,89,5.186644015842386,5.410432716957823,91
2024-05-28,83,5.779690867495664,3.0367418214518604,125
2024-05-29,112,5.999557441266141,4.211278805832414,99
2024-05-30,89,5.417944276138826,7.29832501027339,99
2024-05-31,105,4.911095924564613,4.5200951044836515,109
2024-06-01,112,3.432824439651443,4.040468484459845,122
2024-06-02,74,5.646329433771448,6.541706460252,124
2024-06-03,66,3.2749073354415965,4.334722639940836,98
2024-06-04,76,3.2337388353462915,3.4765234153954085,115
2024-06-05,117,5.1671198652771935,7.816155967924533,128
2024-06-06,75,3.1538132814093314,5.664354260760049,125
2024-06-07,60,3.7452418336010718,7.382708900383592,91
2024-06-08,119,5.553043100391963,3.3776276528953226,125
2024-06-09,105,2.323080881939879,5.182613404061549,126
2024-06-10,105,4.726082672054149,4.225594429424088,127
2024-06-11,83,5.15620188593215,3.3607806963127698,105
2024-06-12,115,4.2160148874206165,5.734728699740494,113
2024-06-13,116,2.5268909469295955,5.258882366478199,99
2024-06-14,75,4.747594437168524,7.688332433833004,123
2024-06-15,103,5.642456114457321,6.538415981287802,95
2024-06-16,107,5.1677628237877755,6.132243175423602,102
2024-06-17,85,3.7935766482159794,7.824460811227606,104
2024-06-18,61,3.482958934409724,4.017011056659848,116
2024-06-19,110,3.334658880165856,3.002784528941366,107
2024-06-20,93,5.09931997501718,4.7040462676180255,109
2024-06-21,71,4.179409144899187,7.3161932214378425,121
2024-06-22,97,3.035323154109864,7.704404947104797,122
2024-06-23,99,5.155271046256265,5.361186113286449,121
2024-06-24,114,2.5115599572419867,5.909591421207572,122
2024-06-25,67,4.364433816880756,6.14586185976615,129
2024-06-26,81,2.4002469860804267,4.411328876470531,103
2024-06-27,90,3.4745677949997895,5.6525166822483115,127
2024-06-28,97,3.6674108733649744,5.222214069891181,98
2024-06-29,115,4.8880305206595285,4.910824846968412,113
2024-06-30,82,3.3958017490702335,7.489739285063383,92
2024-07-01,100,4.731055545250904,5.006124644738788,110
2024-07-02,80,5.688124526806449,4.197036743043341,94
2024-07-03,61,5.0272439245616205,5.35824871564505,125
2024-07-04,85,2.8781478296375016,7.0363745196414405,96
2024-07-05,101,5.255281083401503,3.8916895957177395,91
2024-07-06,70,5.267259218949867,5.249816514503368,126
2024-07-07,95,4.997466057274828,7.995732166546891,101
2024-07-08,94,3.406267502609235,7.406058135073796,129
2024-07-09,112,4.068199441080863,5.019918509583643,96
2024-07-10,87,4.210147692800797,7.771677297068474,123
2024-07-11,74,2.791834628801664,5.6047513588531395,100
2024-07-12,99,5.032501613163033,5.987036407253635,103
2024-07-13,69,2.2414454798054053,4.581723875901057,94
2024-07-14,66,3.622558961232416,5.517575349391467,112
2024-07-15,114,5.488998461147345,4.803912784224419,113
2024-07-16,110,3.426725633174615,5.900755336784547,108
2024-07-17,108,2.4820171971253173,5.255215775996625,122
2024-07-18,95,5.632093479514707,3.0637955803394945,103
2024-07-19,77,4.15657159491133,5.131322411267349,98
2024-07-20,88,4.419513719799969,3.08007539808946,106
2024-07-21,64,2.5747344640170824,4.4317794864574065,97
2024-07-22,113,3.388387763264954,3.9488559902446907,100
2024-07-23,95,5.628321776531944,7.4448584993553695,111
2024-07-24,67,2.3657435129882693,7.055138883528205,108
2024-07-25,88,5.435261153933061,5.613169283687688,117
2024-07-26,69,5.976767300068621,7.081581330838491,123
2024-07-27,103,3.22974915782438,6.446601430386176,127
2024-07-28,65,3.685843080616129,6.287893921216998,100
2024-07-29,66,5.196176459175027,7.6467738316227045,102
2024-07-30,101,4.856849635043227,5.462488486651521,115
2024-07-31,65,2.79942279271871,5.039945669754954,124
2024-08-01,115,2.7691832497943976,7.477841274692135,116
2024-08-02,108,4.594373428023747,6.670874928901192,127
2024-08-03,70,4.272854507357966,7.163998833185617,106
2024-08-04,72,4.4381297679860605,4.294472070606041,114
2024-08-05,79,3.887542188693312,7.400104291456825,126
2024-08-06,60,5.260483015871749,7.599662842780191,113
2024-08-07,94,4.847398499086005,5.701888442630606,116
2024-08-08,98,3.4052970292657223,3.4610334919203445,125
2024-08-09,98,2.7783907572433693,7.344250954965792,98
2024-08-10,116,2.3757326680111692,7.77191388273719,117
2024-08-11,104,4.544862728507815,4.258796420459397,91
2024-08-12,76,3.4972386165945597,3.3799480314628862,113
2024-08-13,81,2.355140505609474,7.955408715131869,116
2024-08-14,73,3.189677832931072,5.277893084518503,106
2024-08-15,69,4.66571837013148,7.052285235705839,114
2024-08-16,91,2.469849673159331,5.644720569340498,108
2024-08-17,107,3.004146485116533,6.562505411172991,103
2024-08-18,83,3.8777958148446707,7.505568326664772,111
2024-08-19,66,4.230907299678982,5.76466428864139,104
2024-08-20,76,3.435000024889764,6.569047349472223,98
2024-08-21,119,2.8032276627356567,5.063782831897849,115
2024-08-22,118,2.09956378404697,3.2735415636506806,101
2024-08-23,93,2.1451256574601203,4.606141861299137,122
2024-08-24,68,5.315164177491697,3.876140293861507,100
2024-08-25,60,2.887941432554029,5.638299479141414,99
2024-08-26,69,4.868845067173792,3.8010009284306356,96
2024-08-27,100,2.116436964802421,7.488649515235325,90
2024-08-28,78,4.154848117947419,4.220791508586441,117
2024-08-29,108,3.6807185402867137,5.994008600975052,103
2024-08-30,111,2.3285440146657868,4.0773002185150045,119
2024-08-31,84,3.9711216580087494,6.905294550669913,110
2024-09-01,111,3.820439935999571,4.295170865206224,94
2024-09-02,60,3.81232343700098,4.293829081057922,92
2024-09-03,117,4.490803491096534,5.262585513891924,98
2024-09-04,100,5.1955119002722014,7.171349808291326,106
2024-09-05,70,5.553250679821007,7.534086170915118,97
2024-09-06,73,4.93300193980844,4.36063815574038,110
2024-09-07,75,3.2243958222213243,5.974097092348019,98
2024-09-08,107,5.84226665654416,6.883019289008513,111
2024-09-09,62,2.965721076615202,6.342563805616156,108
2024-09-10,86,5.783534697022629,4.263083537682781,119
2024-09-11,109,5.005274159473142,3.603963440254858,121
2024-09-12,77,4.016176394709312,6.7662251066050985,106
2024-09-13,66,2.460992039969789,4.253806753352578,110
2024-09-14,77,3.069446389804113,3.9970928463183992,126
2024-09-15,101,4.586941657438784,5.802013633865549,113
2024-09-16,104,3.264089281930612,6.859311271474219,129
2024-09-17,62,2.760935678640774,4.951880642757401,111
2024-09-18,118,5.585545164476805,3.6775824345686927,93
2024-09-19,78,4.844088876928284,7.937635055450218,96
2024-09-20,66,3.8514478639545238,7.489064463582222,110
2024-09-21,71,5.340282923640433,3.3573538490375023,108
2024-09-22,68,4.431712849114223,6.222346430183443,91
2024-09-23,115,2.218997639700698,3.8654336526708417,108
2024-09-24,84,5.113192661654293,7.422144658494052,107
2024-09-25,99,4.89609606592908,4.08392192855328,125
2024-09-26,88,5.672049719823509,5.95537332366224,128
2024-09-27,105,3.860628717529382,5.995977792723583,125
2024-09-28,87,4.760208122610943,6.154651897608783,91
2024-09-29,85,5.694686138027775,3.1343311515610726,109
2024-09-30,98,3.834283280273202,4.73862116859716,91
2024-10-01,95,3.0638831572565075,6.375059879850296,106
2024-10-02,110,4.978681790920424,4.336051048521062,110
2024-10-03,66,2.1785703133110506,5.467751824483196,92
2024-10-04,87,4.05508356364343,5.128757203542321,121
2024-10-05,96,4.0977089858057765,3.2978175570949784,98
2024-10-06,73,4.417812326808091,7.557349189072479,117
2024-10-07,91,4.633975315763774,3.6075964907040072,118
2024-10-08,115,5.24330910002752,6.7437371776441495,104
2024-10-09,81,3.6529601102448184,3.2312421692539064,117
2024-10-10,91,3.5870173474702387,5.94623022478122,99
2024-10-11,69,2.4941217268960614,4.087898029739525,117
2024-10-12,78,3.512620635462002,7.864255684928377,103
2024-10-13,99,4.254143699653221,7.191184296778669,125
2024-10-14,83,4.009189630113655,5.497288070554623,120
2024-10-15,109,4.083211347618467,3.0739257924228607,96
2024-10-16,95,3.7019576355860893,3.9209539295557745,111
2024-10-17,64,4.863027913629775,4.581816059306863,109
2024-10-18,69,2.3899562568937593,7.904318477057993,97
2024-10-19,66,5.367555840929342,7.203883121224205,100
2024-10-20,108,5.324584752141012,5.07119505837345,127
2024-10-21,60,3.453088185428379,7.544729365683232,125
2024-10-22,80,2.522079691284814,3.9725576018902227,121
2024-10-23,74,5.586825245858266,6.846334730457444,103
2024-10-24,60,5.238616958404245,5.532391577732145,105
2024-10-25,82,2.449059438495415,5.228698824934138,127
2024-10-26,63,3.260474743978408,6.33642885911059,112
2024-10-27,105,2.9724401653844597,5.473424760645244,93
2024-10-28,110,2.8618902608382655,5.055994515891101,93
2024-10-29,85,3.5485049618937627,5.982403750154534,119
2024-10-30,98,3.0462092622556014,5.39584879803748,93
2024-10-31,88,4.881483846965212,3.4213411870802997,126
2024-11-01,98,2.4292400210577867,3.917897700072104,97
2024-11-02,61,4.412568298961233,5.556687678300929,122
2024-11-03,95,4.80973420534105,4.338125953219469,99
2024-11-04,81,4.298486606165316,5.921197194768543,126
2024-11-05,75,2.897450958721344,5.51758904637739,120
2024-11-06,88,5.0217513928855215,5.318162160607911,122
2024-11-07,73,4.264145736365945,4.648884053961587,108
2024-11-08,108,5.666556270279997,7.798770874317802,119
2024-11-09,106,3.7212705717552015,5.518818024782607,106
2024-11-10,107,4.181182108115583,3.5946892743883687,113
2024-11-11,86,4.6957308936428035,7.464284070191253,91
2024-11-12,117,4.623251036650502,6.979015414047308,105
2024-11-13,99,3.6681339810738494,7.768223056901807,102
2024-11-14,115,4.546844865046751,6.619294102274999,123
2024-11-15,94,2.3894878773252657,7.050115877193505,90
2024-11-16,102,4.50150208539139,3.8447733357486067,117
2024-11-17,99,5.236523154105543,3.677306807737284,94
2024-11-18,116,2.9078847951003604,6.10778427141925,127
2024-11-19,60,2.3747131636197127,5.389372166096122,129
2024-11-20,67,5.107663356618188,4.862751966731569,121
2024-11-21,112,3.320544359272781,4.952200709638274,124
2024-11-22,62,3.873191474154903,7.911932662474566,110
2024-11-23,111,5.523794006029868,5.428202387658489,129
2024-11-24,75,3.6683790723100187,7.282367424953273,92
2024-11-25,94,5.871830132578204,7.0084924544598985,90
2024-11-26,104,3.1534228106449405,3.5261560901124644,122
2024-11-27,78,3.6756459093267897,5.3558630314872095,121
2024-11-28,115,4.900890418300718,6.142176559053005,110
2024-11-29,61,2.71601288655562,6.680196362267129,105
2024-11-30,107,2.833950544586363,6.4844480685197565,98
2024-12-01,115,2.426679061966607,7.73936194833108,111
2024-12-02,81,3.162823789572796,6.9835509232718405,97
2024-12-03,90,5.8144742034101675,5.337214613383456,126
2024-12-04,62,2.5983372973886065,7.104602203256497,101
2024-12-05,82,2.3000579893278865,7.5701427562462795,94
2024-12-06,69,5.346372016899044,7.07984458398088,92
2024-12-07,82,2.541712119528095,7.577304541432249,118
2024-12-08,110,2.4985255846778363,6.08870933703359,127
2024-12-09,105,4.171267100849961,7.278000268039694,106
2024-12-10,99,4.723247821467704,4.3014312586283605,92
2024-12-11,73,4.555204415226219,3.7388983771082436,112
2024-12-12,111,3.3685014064010685,4.419808771498123,124
2024-12-13,62,5.0471982115696665,7.745461035601973,121
2024-12-14,88,3.5013867920518904,4.6121123247540545,126
2024-12-15,86,3.356959573942547,7.132739461008829,99
2024-12-16,78,3.5293774457113973,6.395427608148854,103
2024-12-17,83,5.0883486606438755,5.016531932987881,118
2024-12-18,97,2.2775475301135852,7.085075424107195,128
2024-12-19,78,5.430489559530986,6.076564460948809,105
2024-12-20,80,4.109096060393222,7.532902661473135,106
2024-12-21,79,4.372664208751229,3.3238117075564126,129
2024-12-22,61,4.615433571476862,4.327679771509648,100
2024-12-23,69,3.2118680576134055,4.828595006404864,102
2024-12-24,96,4.366263649057193,6.681682826679933,116
2024-12-25,113,4.817944502499531,5.195384395966809,126
2024-12-26,109,3.2842298536944043,4.00562490241033,122
2024-12-27,68,2.419172344351381,5.772564337510481,120
2024-12-28,116,4.296679701501103,6.195168321392878,122
2024-12-29,84,4.50005428819852,3.7872408825692814,123
2024-12-30,105,3.9277752075841668,6.553132872572448,95
2024-12-31,118,5.583469838134095,7.708151553323709,127
